playerID,yearID,stint,teamID,lgID,G,AB,R,H,2B,3B,HR,RBI,SB,CS,BB,SO,IBB,HBP,SH,SF,GIDP
abercda01,1871,1,TRO,NA,1,4,0,0,0,0,0,0,0,0,0,0,,,,,
addybo01,1871,1,RC1,NA,25,118,30,32,6,0,0,13,8,1,4,0,,,,,
allisar01,1871,1,CL1,NA,29,137,28,40,4,5,0,19,3,1,2,5,,,,,
allisdo01,1871,1,WS3,NA,27,133,28,44,10,2,2,27,1,1,0,2,,,,,
ansonca01,1871,1,RC1,NA,25,120,29,39,11,3,0,16,6,2,2,1,,,,,
armstbo01,1871,1,FW1,NA,12,49,9,11,2,1,0,5,0,1,0,1,,,,,
barkeal01,1871,1,RC1,NA,1,4,0,1,0,0,0,2,0,0,1,0,,,,,
barnero01,1871,1,BS1,NA,31,157,66,63,10,9,0,34,11,6,13,1,,,,,
barrebi01,1871,1,FW1,NA,1,5,1,1,1,0,0,1,0,0,0,0,,,,,
barrofr01,1871,1,BS1,NA,18,86,13,13,2,1,0,11,1,0,0,0,,,,,
bassjo01,1871,1,CL1,NA,22,89,18,27,1,10,3,18,0,1,3,4,,,,,
battijo01,1871,1,CL1,NA,1,3,0,0,0,0,0,0,0,0,1,0,,,,,
bealsto01,1871,1,WS3,NA,10,36,6,7,0,0,0,1,2,0,2,0,,,,,
beaveed01,1871,1,TRO,NA,3,15,7,6,0,0,0,5,2,0,0,0,,,,,
bechtge01,1871,1,PH1,NA,20,94,24,33,9,1,1,21,4,0,2,2,,,,,
bellast01,1871,1,TRO,NA,29,128,26,32,3,3,0,23,4,4,9,2,,,,,
berkena01,1871,1,PH1,NA,1,4,0,0,0,0,0,0,0,0,0,3,,,,,
berryto01,1871,1,PH1,NA,1,4,0,1,0,0,0,0,0,0,0,0,,,,,
berthha01,1871,1,WS3,NA,17,73,17,17,1,1,0,8,3,1,4,2,,,,,
biermch01,1871,1,FW1,NA,1,2,0,0,0,0,0,0,0,0,1,0,,,,,
birdge01,1871,1,RC1,NA,25,106,19,28,2,5,0,13,1,0,3,2,,,,,
birdsda01,1871,1,BS1,NA,29,152,51,46,3,3,0,24,6,0,4,4,,,,,
brainas01,1871,1,WS3,NA,30,134,24,30,4,0,0,21,4,0,7,2,,,,,
brannmi01,1871,1,CH1,NA,3,14,2,1,0,0,0,0,0,0,0,0,,,,,
burrohe01,1871,1,WS3,NA,12,63,11,15,2,3,1,14,0,0,1,1,,,,,
careyto01,1871,1,FW1,NA,19,87,16,20,2,0,0,10,5,0,2,1,,,,,
carleji01,1871,1,CL1,NA,29,127,31,32,8,1,0,18,2,1,8,3,,,,,
conefr01,1871,1,BS1,NA,19,77,17,20,3,1,0,16,12,1,8,2,,,,,
connone01,1871,1,TRO,NA,7,33,6,7,0,0,0,2,0,0,0,0,,,,,
cravebi01,1871,1,TRO,NA,27,118,26,38,8,1,0,26,6,3,3,0,,,,,
cuthbne01,1871,1,PH1,NA,28,150,47,37,7,5,3,30,16,2,10,2,,,,,
deaneha01,1871,1,FW1,NA,6,22,3,4,0,1,0,2,0,0,2,0,,,,,
donnepe01,1871,1,FW1,NA,9,34,7,7,1,1,0,3,0,0,1,2,,,,,
duffyed01,1871,1,CH1,NA,26,121,30,28,5,0,0,15,11,4,3,2,,,,,
eggleda01,1871,1,NY2,NA,33,147,37,47,7,3,0,18,14,3,4,3,,,,,
ewellge01,1871,1,CL1,NA,1,3,0,0,0,0,0,0,0,0,0,0,,,,,
fergubo01,1871,1,NY2,NA,33,158,30,38,6,1,0,25,4,4,3,2,,,,,
fishech01,1871,1,RC1,NA,25,123,24,28,3,3,1,22,1,2,3,1,,,,,
fislewe01,1871,1,PH1,NA,28,147,43,41,8,2,0,16,6,3,3,2,,,,,
fleetfr01,1871,1,NY2,NA,1,6,1,2,0,0,0,1,0,0,0,0,,,,,
flowedi01,1871,1,TRO,NA,21,105,39,33,5,4,0,18,8,2,4,0,,,,,
flynncl01,1871,1,TRO,NA,29,142,43,48,6,1,0,27,3,3,4,2,,,,,
foleyto01,1871,1,CH1,NA,18,84,18,22,3,1,0,13,1,4,3,2,,,,,
foranji01,1871,1,FW1,NA,19,89,21,31,1,3,1,18,1,0,2,1,,,,,
forceda01,1871,1,WS3,NA,32,162,45,45,9,4,0,29,8,0,4,0,,,,,
fulmech01,1871,1,RC1,NA,16,63,11,17,1,3,0,3,0,0,5,1,,,,,
glennjo01,1871,1,WS3,NA,26,120,25,37,3,2,0,21,1,1,3,1,,,,,
goldswa01,1871,1,FW1,NA,19,88,8,18,1,0,0,12,0,0,4,2,,,,,
gouldch01,1871,1,BS1,NA,31,151,38,43,9,2,2,32,6,2,3,1,,,,,
hallge01,1871,1,WS3,NA,32,136,31,40,3,3,2,17,2,1,8,0,,,,,
halliji01,1871,1,FW1,NA,5,25,7,5,0,0,0,2,1,1,2,0,,,,,
hamra01,1871,1,RC1,NA,25,113,25,28,4,0,0,12,6,2,1,7,,,,,
hastisc01,1871,1,RC1,NA,25,118,27,30,6,4,0,20,11,2,2,4,,,,,
hatfijo01,1871,1,NY2,NA,33,168,41,43,3,2,0,22,10,3,4,0,,,,,
heubege01,1871,1,PH1,NA,17,75,18,23,4,2,0,13,1,0,2,0,,,,,
highadi01,1871,1,NY2,NA,21,94,21,34,3,1,0,9,3,2,2,0,,,,,
hodesch01,1871,1,CH1,NA,28,130,32,36,4,1,2,25,3,0,7,0,,,,,
jackssa01,1871,1,BS1,NA,16,76,17,17,5,3,0,11,0,1,1,4,,,,,
johnsca01,1871,1,CL1,NA,16,67,10,15,1,0,0,7,1,0,0,1,,,,,
kellybi01,1871,1,FW1,NA,18,67,16,15,1,1,0,7,0,0,6,1,,,,,
kimbage01,1871,1,CL1,NA,29,131,18,25,1,0,0,9,5,1,3,2,,,,,
kingma01,1871,1,CH1,NA,20,101,23,21,1,0,2,16,5,0,8,1,,,,,
kingst01,1871,1,TRO,NA,29,144,45,57,10,6,0,34,3,3,1,1,,,,,
kohlehe01,1871,1,FW1,NA,3,12,0,2,1,0,0,1,0,0,0,0,,,,,
lennobi01,1871,1,FW1,NA,12,48,5,11,3,0,0,5,1,0,1,0,,,,,
leonaan01,1871,1,WS3,NA,31,148,33,43,8,3,0,30,14,3,3,1,,,,,
mackde01,1871,1,RC1,NA,25,122,34,30,7,1,0,17,12,0,8,7,,,,,
malonfe01,1871,1,PH1,NA,27,134,33,46,7,1,1,33,9,3,9,4,,,,,
mathebo01,1871,1,FW1,NA,19,89,15,24,3,1,0,10,2,1,2,0,,,,,
mcatebu01,1871,1,CH1,NA,26,135,34,37,8,2,0,10,5,3,5,2,,,,,
mcbridi01,1871,1,PH1,NA,25,132,36,31,3,0,0,17,4,0,7,1,,,,,
mcderjo01,1871,1,FW1,NA,2,8,3,2,0,0,0,1,1,0,1,1,,,,,
mcgeami01,1871,1,TRO,NA,29,148,42,39,4,0,0,12,20,4,6,0,,,,,
mcmuljo01,1871,1,TRO,NA,29,136,38,38,0,5,0,32,11,1,8,6,,,,,
mcveyca01,1871,1,BS1,NA,29,153,43,66,9,5,0,43,6,0,1,2,,,,,
meyerle01,1871,1,PH1,NA,26,130,45,64,9,3,4,40,4,0,2,1,,,,,
millsch01,1871,1,NY2,NA,32,146,27,36,4,3,0,22,2,0,1,0,,,,,
millsev01,1871,1,WS3,NA,32,157,38,43,6,4,1,24,2,3,3,1,,,,,
minched01,1871,1,FW1,NA,9,36,4,8,0,0,0,5,1,0,0,0,,,,,
nortofr01,1871,1,WS3,NA,1,1,0,0,0,0,0,0,0,0,0,1,,,,,
paborch01,1871,1,CL1,NA,29,142,24,42,2,4,0,18,1,0,1,3,,,,,
patteda01,1871,1,NY2,NA,32,151,31,31,2,0,0,13,2,1,1,0,,,,,
pearcdi01,1871,1,NY2,NA,33,163,31,44,5,0,0,20,0,0,4,1,,,,,
phelpne01,1871,1,FW1,NA,1,3,0,0,0,0,0,0,0,0,1,0,,,,,
pikeli01,1871,1,TRO,NA,28,130,43,49,10,7,4,39,3,2,5,7,,,,,
pinkhed01,1871,1,CH1,NA,24,95,27,25,5,5,1,17,5,2,18,3,,,,,
prattal01,1871,1,CL1,NA,29,130,31,34,6,8,0,20,1,0,1,0,,,,,
prattto01,1871,1,PH1,NA,1,6,2,2,0,0,0,1,0,0,0,0,,,,,
questjo01,1871,1,CL1,NA,3,13,1,3,1,0,0,2,0,0,1,0,,,,,
quinnpa02,1871,1,FW1,NA,5,17,8,4,0,0,0,2,3,1,4,0,,,,,
radcljo01,1871,1,PH1,NA,28,145,47,44,7,5,0,22,5,1,6,1,,,,,
reachal01,1871,1,PH1,NA,26,133,43,47,7,6,0,34,2,0,5,6,,,,,
sagerpo01,1871,1,RC1,NA,8,39,9,11,0,0,0,5,5,1,2,2,,,,,
schafha01,1871,1,BS1,NA,31,149,38,42,7,5,0,28,13,4,3,1,,,,,
selmafr01,1871,1,FW1,NA,14,65,14,15,3,0,1,10,1,0,4,0,,,,,
senseco01,1871,1,PH1,NA,25,127,38,41,5,2,0,23,5,3,0,1,,,,,
simmojo01,1871,1,CH1,NA,27,129,29,28,6,1,0,17,4,1,1,0,,,,,
smithch01,1871,1,NY2,NA,14,72,15,19,2,1,0,5,6,0,1,1,,,,,
spaldal01,1871,1,BS1,NA,31,144,43,39,10,1,1,31,2,0,8,1,,,,,
startjo01,1871,1,NY2,NA,33,161,35,58,5,1,1,34,4,2,3,0,,,,,
stearbi01,1871,1,WS3,NA,2,9,1,0,0,0,0,1,0,0,2,2,,,,,
stirega01,1871,1,RC1,NA,25,110,23,30,4,6,2,24,3,0,7,5,,,,,
suttoez01,1871,1,CL1,NA,29,128,35,45,3,7,3,23,3,1,1,0,,,,,
sweasch01,1871,1,WS3,NA,5,19,5,4,1,0,0,4,0,0,1,0,,,,,
treacfr01,1871,1,CH1,NA,25,124,39,42,7,5,4,33,13,5,2,5,,,,,
waterfr01,1871,1,WS3,NA,32,158,46,50,7,4,0,17,11,3,10,0,,,,,
whitede01,1871,1,CL1,NA,29,146,40,47,6,5,1,21,2,2,4,1,,,,,
whiteel01,1871,1,CL1,NA,15,70,13,18,2,0,0,9,0,1,1,6,,,,,
whitewa01,1871,1,WS3,NA,1,4,0,0,0,0,0,0,0,0,0,0,,,,,
woltery01,1871,1,NY2,NA,32,138,33,51,6,9,0,44,1,0,10,8,,,,,
woodji01,1871,1,CH1,NA,28,135,45,51,10,6,1,29,18,2,11,3,,,,,
wrighge01,1871,1,BS1,NA,16,80,33,33,7,5,0,11,9,1,6,1,,,,,
wrighha01,1871,1,BS1,NA,31,147,42,44,5,2,0,26,7,1,13,2,,,,,
yorkto01,1871,1,TRO,NA,29,145,36,37,5,7,2,23,2,2,9,1,,,,,
zettlge01,1871,1,CH1,NA,28,128,23,32,3,0,0,18,4,0,2,4,,,,,
allenha01,1872,1,MID,NA,16,66,8,18,1,0,0,7,0,0,0,1,,,,,
allisan01,1872,1,BR1,NA,24,93,11,15,3,0,0,9,0,0,0,3,,,,,
allisar01,1872,1,CL1,NA,19,87,13,23,4,0,0,8,0,0,0,2,,,,,
allisbi01,1872,1,BR1,NA,5,19,5,3,0,0,0,1,0,0,0,1,,,,,
allisdo01,1872,1,TRO,NA,23,115,23,35,4,2,0,20,1,1,1,3,,,,,
allisdo01,1872,2,BR1,NA,18,79,18,27,2,1,0,5,0,0,1,2,,,,,
ansonca01,1872,1,PH1,NA,46,217,60,90,10,7,0,50,6,6,16,3,,,,,
arnolbi01,1872,1,MID,NA,2,7,2,1,0,0,0,0,0,0,0,0,,,,,
barloto01,1872,1,BR2,NA,37,171,34,53,1,0,0,10,7,5,3,2,,,,,
barnero01,1872,1,BS1,NA,45,229,81,99,28,2,1,44,12,2,9,4,,,,,
barre01,1872,1,BR2,NA,8,34,7,7,1,0,0,2,1,0,0,1,,,,,
barrebi01,1872,1,WS3,NA,1,4,0,0,0,0,0,0,0,0,0,0,,,,,
bassjo01,1872,1,BR2,NA,2,7,0,1,1,0,0,1,0,0,0,0,,,,,
bealsto01,1872,1,WS3,NA,9,36,6,11,1,1,0,5,0,0,1,1,,,,,
beaveed01,1872,1,BR2,NA,10,43,6,9,2,0,0,2,0,0,1,0,,,,,
bechtge01,1872,1,NY2,NA,51,248,60,74,11,2,0,41,9,1,6,3,,,,,
bellast01,1872,1,TRO,NA,23,114,22,30,4,0,0,16,1,0,0,0,,,,,
bentlcy01,1872,1,MID,NA,23,115,25,27,1,2,0,10,1,2,0,2,,,,,
besti01,1872,1,BR1,NA,4,14,0,4,0,0,0,1,0,0,0,0,,,,,
bielaos01,1872,1,WS4,NA,10,46,13,9,0,0,0,3,0,0,0,0,,,,,
birdsda01,1872,1,BS1,NA,16,76,11,16,3,0,0,15,0,2,1,0,,,,,
boothed01,1872,1,MID,NA,24,117,25,38,4,2,0,12,0,0,0,1,,,,,
boothed01,1872,2,BR2,NA,15,62,11,19,4,0,0,8,0,2,0,0,,,,,
boydbi01,1872,1,NY2,NA,35,165,26,44,6,1,1,32,4,2,6,7,,,,,
brainas01,1872,1,WS3,NA,9,43,8,16,3,0,0,6,0,0,0,0,,,,,
brainas01,1872,2,MID,NA,6,25,2,5,0,0,0,0,0,0,1,0,,,,,
brittji01,1872,1,BR2,NA,37,156,26,40,7,0,0,10,0,0,5,5,,,,,
brownol01,1872,1,BR2,NA,4,15,0,2,0,0,0,0,0,0,0,1,,,,,
burdoja01,1872,1,BR2,NA,37,174,26,46,3,0,0,15,0,1,1,1,,,,,
burrohe01,1872,1,WS3,NA,2,7,1,1,0,0,0,0,0,0,1,0,,,,,
buttefr01,1872,1,MID,NA,18,93,19,24,0,0,0,8,0,0,0,2,,,,,
careyto01,1872,1,BL1,NA,42,198,42,57,7,0,2,27,4,1,0,2,,,,,
carleji01,1872,1,CL1,NA,7,38,8,12,1,0,0,4,1,0,1,0,,,,,
clappjo01,1872,1,MID,NA,19,97,28,28,6,1,1,10,2,1,1,0,,,,,
clarede01,1872,1,BR2,NA,2,7,1,1,0,0,0,0,0,0,0,0,,,,,
clintji01,1872,1,BR1,NA,25,97,12,25,3,1,0,6,0,1,0,2,,,,,
coughde01,1872,1,WS4,NA,8,37,5,12,1,0,0,7,0,0,0,0,,,,,
cravebi01,1872,1,BL1,NA,35,179,55,50,3,2,0,23,7,1,5,2,,,,,
cummica01,1872,1,NY2,NA,55,250,36,52,9,3,0,27,0,1,4,14,,,,,
cuthbne01,1872,1,PH1,NA,47,260,83,88,10,0,1,47,14,4,6,10,,,,,
dehlmhe01,1872,1,BR2,NA,37,165,30,36,3,1,0,14,4,2,3,1,,,,,
doschhe01,1872,1,BR2,NA,6,25,4,9,0,0,0,5,0,0,0,1,,,,,
doylejo01,1872,1,WS4,NA,9,41,6,12,1,0,0,9,0,0,0,0,,,,,
eggleda01,1872,1,NY2,NA,56,290,94,98,20,0,0,20,18,5,8,9,,,,,
fergubo01,1872,1,BR2,NA,37,165,33,46,5,0,0,19,4,2,3,0,,,,,
fieldge01,1872,1,MID,NA,18,87,16,21,3,1,0,9,0,0,0,2,,,,,
fishech01,1872,1,BL1,NA,46,225,39,52,10,3,1,36,0,1,2,5,,,,,
fislewe01,1872,1,PH1,NA,47,243,49,85,13,3,0,48,3,0,4,4,,,,,
fleetfr01,1872,1,BR1,NA,13,53,10,13,1,0,0,5,1,0,0,1,,,,,
fletcge01,1872,1,BR1,NA,2,8,1,3,0,0,0,0,0,0,0,0,,,,,
flowedi01,1872,1,PH1,NA,3,15,1,4,0,0,0,4,0,0,2,2,,,,,
flynncl01,1872,1,WS3,NA,9,40,4,9,1,0,0,2,0,0,0,0,,,,,
forceda01,1872,1,TRO,NA,25,130,40,53,11,0,0,16,2,2,1,0,,,,,
forceda01,1872,2,BL1,NA,19,95,29,41,2,2,0,13,3,0,1,0,,,,,
fulmech01,1872,1,NY2,NA,36,166,28,51,1,1,1,14,1,1,2,3,,,,,
galvijo01,1872,1,BR2,NA,1,4,0,0,0,0,0,0,0,0,0,0,,,,,
gedneco01,1872,1,TRO,NA,9,47,14,20,3,0,3,18,1,0,0,0,,,,,
gedneco01,1872,2,BR1,NA,18,71,4,13,1,0,0,7,2,1,0,1,,,,,
glennjo01,1872,1,WS3,NA,9,39,6,6,0,0,0,3,0,1,1,0,,,,,
glennjo01,1872,2,WS4,NA,1,4,0,2,0,0,0,0,0,0,0,0,,,,,
goldswa01,1872,1,WS3,NA,9,41,4,10,2,0,0,5,0,0,0,0,,,,,
gouldch01,1872,1,BS1,NA,45,211,40,54,9,8,0,33,0,0,2,3,,,,,
hallge01,1872,1,BL1,NA,53,250,69,84,17,6,1,37,6,1,3,1,,,,,
hallji01,1872,1,BR2,NA,13,57,9,18,0,1,0,6,0,0,1,0,,,,,
hastisc01,1872,1,CL1,NA,22,115,34,45,4,0,0,16,5,1,3,2,,,,,
hastisc01,1872,2,BL1,NA,13,62,16,19,3,1,0,4,0,1,1,2,,,,,
hatfijo01,1872,1,NY2,NA,56,288,76,92,15,1,1,45,12,5,9,6,,,,,
heubege01,1872,1,WS3,NA,5,23,2,3,0,0,0,1,0,0,0,0,,,,,
hicksna01,1872,1,NY2,NA,56,268,55,82,12,2,0,33,3,0,5,3,,,,,
higby01,1872,1,BR2,NA,1,4,0,0,0,0,0,0,0,0,0,0,,,,,
highadi01,1872,1,BL1,NA,50,245,72,84,10,1,2,38,3,5,2,3,,,,,
hinespa01,1872,1,WS4,NA,11,49,9,12,1,0,0,5,0,0,0,0,,,,,
hodesch01,1872,1,TRO,NA,13,61,17,15,3,0,0,12,0,0,1,0,,,,,
holdsji01,1872,1,CL1,NA,22,110,19,33,5,0,0,11,3,2,1,2,,,,,
holdsji01,1872,2,BR1,NA,2,7,1,2,0,0,0,0,0,0,0,0,,,,,
holliho01,1872,1,WS4,NA,9,44,12,15,1,1,0,6,0,0,1,0,,,,,
huntdi01,1872,1,BR1,NA,11,48,11,15,1,1,0,5,0,1,1,0,,,,,
hurledi01,1872,1,WS3,NA,2,7,0,0,0,0,0,0,0,0,0,1,,,,,
jackssa01,1872,1,BR2,NA,4,12,0,2,0,0,0,0,0,0,0,0,,,,,
jewetna01,1872,1,BR1,NA,2,8,1,1,0,0,0,0,0,0,0,0,,,,,
kavan01,1872,1,BR1,NA,5,23,3,6,1,0,0,2,0,0,0,1,,,,,
kennejo01,1872,1,BR2,NA,5,19,0,0,0,0,0,1,0,0,0,1,,,,,
kingma01,1872,1,TRO,NA,3,11,0,0,0,0,0,1,0,0,0,1,,,,,
kingst01,1872,1,TRO,NA,25,128,33,39,8,0,0,21,1,1,1,2,,,,,
lennobi01,1872,1,WS4,NA,11,54,11,12,1,0,0,6,0,0,0,0,,,,,
leonaan01,1872,1,BS1,NA,46,240,57,84,7,1,2,43,8,5,0,2,,,,,
leutz01,1872,1,BR1,NA,4,12,2,1,0,0,0,0,0,0,0,0,,,,,
lowech01,1872,1,BR2,NA,7,31,1,5,0,0,0,3,0,0,0,2,,,,,
mackde01,1872,1,PH1,NA,47,205,68,59,9,1,0,34,9,5,23,9,,,,,
malonfe01,1872,1,PH1,NA,41,213,46,60,5,3,0,39,3,0,4,5,,,,,
malonma01,1872,1,BR1,NA,5,16,2,5,0,0,0,1,0,0,1,4,,,,,
martial01,1872,1,BR1,NA,4,18,2,5,0,0,0,2,0,0,0,0,,,,,
martiph01,1872,1,TRO,NA,25,117,27,36,2,1,0,14,0,0,0,1,,,,,
martiph01,1872,2,BR1,NA,18,78,13,12,0,0,0,9,3,1,1,2,,,,,
mathebo01,1872,1,BL1,NA,50,223,36,50,1,0,0,21,1,1,3,2,,,,,
mcatebu01,1872,1,TRO,NA,25,129,30,28,3,1,0,15,0,2,1,2,,,,,
mcbridi01,1872,1,PH1,NA,47,258,57,74,6,1,0,37,2,1,3,2,,,,,
mccarfr01,1872,1,MID,NA,19,85,17,28,4,1,0,10,0,0,1,3,,,,,
mcderjo01,1872,1,BR1,NA,7,32,3,9,3,0,0,3,0,0,1,2,,,,,
mcdonja01,1872,1,BR2,NA,15,62,9,16,3,1,0,4,0,0,0,1,,,,,
mcdonja01,1872,2,BR1,NA,1,4,0,0,0,0,0,0,0,0,0,0,,,,,
mcgeami01,1872,1,PH1,NA,47,225,68,81,9,2,0,35,13,8,2,1,,,,,
mcmuljo01,1872,1,NY2,NA,54,237,48,61,6,1,0,25,8,2,11,6,,,,,
mcveyca01,1872,1,BS1,NA,46,237,56,76,10,2,0,41,6,1,1,1,,,,,
meyerle01,1872,1,PH1,NA,27,146,31,48,10,5,1,31,0,0,0,1,,,,,
millejo01,1872,1,WS4,NA,1,4,0,1,0,0,0,0,0,0,0,0,,,,,
millsch01,1872,1,NY2,NA,6,31,6,4,0,0,0,2,0,0,0,0,,,,,
millsev01,1872,1,BL1,NA,55,266,55,79,14,2,0,34,0,2,3,2,,,,,
minched01,1872,1,WS4,NA,11,53,5,6,0,0,0,4,0,0,0,1,,,,,
mulle01,1872,1,CL1,NA,1,4,1,0,0,0,0,0,0,0,0,0,,,,,
murnati01,1872,1,MID,NA,24,117,30,42,1,0,0,13,1,0,0,1,,,,,
nelsoca01,1872,1,TRO,NA,4,20,2,7,0,0,0,4,0,0,0,2,,,,,
nelsoca01,1872,2,BR1,NA,18,76,12,19,2,0,0,8,1,0,2,2,,,,,
orour01,1872,1,BR1,NA,1,4,0,0,0,0,0,0,0,0,0,0,,,,,
orourji01,1872,1,MID,NA,23,101,25,31,4,1,0,12,1,0,2,0,,,,,
paborch01,1872,1,CL1,NA,21,92,12,19,0,0,0,7,0,0,0,0,,,,,
patteda01,1872,1,BR1,NA,12,47,5,9,2,0,0,4,0,0,0,1,,,,,
pearcdi01,1872,1,NY2,NA,44,206,32,40,1,1,1,23,1,1,4,1,,,,,
pikeli01,1872,1,BL1,NA,56,288,67,84,15,5,6,60,8,1,3,6,,,,,
prattal01,1872,1,CL1,NA,16,65,10,18,0,1,0,12,0,0,0,1,,,,,
radcljo01,1872,1,BL1,NA,56,297,71,86,13,4,1,44,3,3,0,2,,,,,
reachal01,1872,1,PH1,NA,24,118,21,23,0,0,0,11,1,1,4,0,,,,,
reachbo01,1872,1,WS3,NA,2,8,1,2,0,0,0,0,0,0,0,0,,,,,
remseja01,1872,1,BR2,NA,37,164,25,40,4,5,0,13,1,2,2,6,,,,,
robinva01,1872,1,WS3,NA,7,30,6,6,0,0,0,4,0,0,1,1,,,,,
rogerfr01,1872,1,BS1,NA,45,204,39,56,7,1,1,28,2,0,1,4,,,,,
schafha01,1872,1,BS1,NA,48,225,51,65,10,4,1,37,2,0,0,8,,,,,
selmafr01,1872,1,WS3,NA,9,42,3,10,2,0,0,1,0,2,0,1,,,,,
senseco01,1872,1,PH1,NA,1,5,2,2,0,0,0,1,0,1,0,0,,,,,
simmojo01,1872,1,CL1,NA,18,90,11,23,5,1,0,9,1,0,1,2,,,,,
snydeji01,1872,1,BR1,NA,26,107,16,28,2,2,0,11,0,0,0,1,,,,,
snydejo01,1872,1,BR1,NA,9,37,2,6,2,0,0,1,0,0,1,1,,,,,
spaldal01,1872,1,BS1,NA,48,237,60,84,11,5,0,47,3,0,3,1,,,,,
spenc01,1872,1,WS4,NA,1,4,1,0,0,0,0,0,0,0,0,0,,,,,
startjo01,1872,1,NY2,NA,55,282,62,76,4,0,0,50,3,3,0,0,,,,,
stearbi01,1872,1,WS4,NA,11,45,8,12,1,0,0,4,0,0,0,0,,,,,
studlse01,1872,1,WS4,NA,5,21,3,2,0,0,0,2,0,0,0,1,,,,,
suttoez01,1872,1,CL1,NA,22,107,30,30,6,1,0,10,1,0,1,1,,,,,
swandma01,1872,1,BR1,NA,14,55,7,11,0,0,0,4,0,0,2,1,,,,,
sweasch01,1872,1,CL1,NA,12,57,8,16,0,0,0,6,1,0,2,1,,,,,
thakeal01,1872,1,BR2,NA,18,78,14,23,2,2,0,15,2,0,0,2,,,,,
tippeji01,1872,1,MID,NA,24,112,23,31,5,1,0,15,0,0,0,0,,,,,
treacfr01,1872,1,PH1,NA,47,236,53,65,7,3,2,29,7,5,5,10,,,,,
waterfr01,1872,1,WS3,NA,9,45,13,17,1,2,0,6,0,0,0,0,,,,,
whitede01,1872,1,CL1,NA,22,109,21,37,2,2,0,22,0,0,4,1,,,,,
whitewa01,1872,1,WS4,NA,10,45,7,13,0,0,0,4,0,0,0,0,,,,,
woltery01,1872,1,CL1,NA,16,69,7,16,1,0,0,11,0,0,4,1,,,,,
woodji01,1872,1,TRO,NA,25,113,40,38,11,4,2,27,3,0,2,1,,,,,
woodji01,1872,2,BR1,NA,7,30,10,6,1,1,0,0,1,0,4,1,,,,,
worthhe01,1872,1,BR2,NA,1,5,1,1,1,0,0,1,0,0,0,0,,,,,
wrighge01,1872,1,BS1,NA,48,255,87,86,16,6,2,32,14,4,3,1,,,,,
wrighha01,1872,1,BS1,NA,48,208,39,52,5,1,0,23,0,0,9,2,,,,,
yeatmbi01,1872,1,WS4,NA,1,4,0,0,0,0,0,0,0,0,0,1,,,,,
yorkto01,1872,1,BL1,NA,51,248,66,66,10,4,1,41,2,1,4,1,,,,,
zettlge01,1872,1,TRO,NA,25,113,25,29,9,0,0,21,0,1,0,2,,,,,
zettlge01,1872,2,BR1,NA,9,34,1,3,0,0,0,1,0,0,0,3,,,,,
addybo01,1873,1,PH2,NA,10,51,12,16,1,0,0,10,0,1,2,0,,,,,
addybo01,1873,2,BS1,NA,31,152,37,54,5,2,1,36,2,3,1,0,,,,,
allisar01,1873,1,ELI,NA,23,99,12,32,2,0,0,11,0,0,0,0,,,,,
allisdo01,1873,1,ELI,NA,19,83,11,24,5,0,0,8,0,0,0,0,,,,,
allisdo01,1873,2,NY2,NA,11,48,6,10,0,0,0,3,0,0,1,0,,,,,
ansonca01,1873,1,PH1,NA,52,254,53,101,9,2,0,36,0,2,5,1,,,,,
atkined01,1873,1,WS5,NA,2,8,2,0,0,0,0,0,0,0,0,0,,,,,
austihe01,1873,1,ELI,NA,23,101,10,25,3,3,0,11,0,0,0,4,,,,,
barloto01,1873,1,BR2,NA,55,271,48,74,0,2,1,14,3,3,4,0,,,,,
barnero01,1873,1,BS1,NA,60,322,125,137,29,8,2,62,13,4,18,2,,,,,
barrebi01,1873,1,BL1,NA,1,4,0,1,0,0,0,0,0,1,0,0,,,,,
battijo01,1873,1,PH1,NA,1,5,4,3,0,0,0,2,0,0,1,0,,,,,
bealsto01,1873,1,WS5,NA,37,169,35,46,9,5,0,24,1,0,1,1,,,,,
bechtge01,1873,1,PH2,NA,53,258,53,63,12,1,1,40,2,1,9,1,,,,,
bellast01,1873,1,NY2,NA,8,32,4,7,2,0,0,3,0,0,2,0,,,,,
bielaos01,1873,1,WS5,NA,38,173,35,49,3,2,0,23,0,1,4,5,,,,,
birdsda01,1873,1,BS1,NA,3,12,4,1,0,0,0,1,0,0,0,0,,,,,
boothed01,1873,1,ELI,NA,18,72,11,21,3,2,0,4,0,0,0,2,,,,,
boothed01,1873,2,BR2,NA,16,69,8,14,3,1,0,8,0,1,3,0,,,,,
boydbi01,1873,1,BR2,NA,50,228,31,63,5,4,1,31,1,1,2,2,,,,,
brainas01,1873,1,BL1,NA,16,69,18,18,1,0,0,8,0,0,0,2,,,,,
brittji01,1873,1,BR2,NA,54,240,29,47,3,0,0,14,1,1,8,14,,,,,
burdoja01,1873,1,BR2,NA,55,245,56,62,7,1,2,36,3,1,7,4,,,,,
campbhu01,1873,1,ELI,NA,20,87,9,13,0,1,0,6,1,0,2,1,,,,,
campbmi02,1873,1,ELI,NA,21,83,9,12,0,0,0,3,1,0,3,6,,,,,
careyto01,1873,1,BL1,NA,56,290,76,97,19,3,1,55,1,3,1,2,,,,,
clappjo01,1873,1,PH1,NA,45,204,36,62,10,2,1,28,4,5,2,2,,,,,
clintji01,1873,1,ELI,NA,9,38,5,9,1,0,0,4,0,0,0,0,,,,,
cranefr01,1873,1,ELI,NA,1,4,0,1,0,0,0,1,0,0,0,0,,,,,
cravebi01,1873,1,BL1,NA,41,196,45,57,9,2,0,28,2,3,2,3,,,,,
cummica01,1873,1,BL1,NA,42,192,30,48,5,0,0,35,1,0,5,5,,,,,
cuthbne01,1873,1,PH2,NA,51,278,78,77,5,3,2,33,13,2,2,4,,,,,
dehlmhe01,1873,1,BR2,NA,54,221,50,52,4,1,0,17,5,0,9,7,,,,,
devliji01,1873,1,PH2,NA,23,99,18,24,4,4,0,10,0,0,2,4,,,,,
donnepe01,1873,1,WS5,NA,30,137,15,35,1,0,0,20,0,0,1,0,,,,,
doschhe01,1873,1,BR2,NA,1,6,1,1,0,0,0,1,0,0,0,0,,,,,
eggleda01,1873,1,NY2,NA,53,268,82,90,13,4,0,34,4,1,5,2,,,,,
eland01,1873,1,BL4,NA,1,3,0,0,0,0,0,0,0,0,0,0,,,,,
farrojo01,1873,1,ELI,NA,12,48,2,8,1,0,0,3,0,0,0,3,,,,,
fergubo01,1873,1,BR2,NA,51,228,36,59,3,5,0,25,1,2,4,9,,,,,
fishech01,1873,1,PH1,NA,51,253,50,66,4,3,1,35,1,2,4,5,,,,,
fislewe01,1873,1,PH1,NA,44,218,44,75,11,4,1,42,2,1,2,2,,,,,
fleetfr01,1873,1,ELI,NA,22,90,11,23,2,0,0,10,0,1,1,2,,,,,
forceda01,1873,1,BL1,NA,49,234,77,86,8,1,0,31,1,0,9,0,,,,,
frencbi01,1873,1,BL4,NA,5,18,3,4,0,0,0,1,0,0,0,0,,,,,
fulmech01,1873,1,PH2,NA,49,236,42,66,11,3,1,38,3,1,2,3,,,,,
gedneco01,1873,1,NY2,NA,53,224,41,60,5,5,1,25,1,0,7,5,,,,,
gerhajo01,1873,1,WS5,NA,13,56,6,12,3,0,0,7,0,0,0,5,,,,,
glennjo01,1873,1,WS5,NA,39,185,39,49,8,2,1,21,2,1,3,0,,,,,
goldswa01,1873,1,BL4,NA,1,4,0,0,0,0,0,0,0,0,0,0,,,,,
greasjo01,1873,1,WS5,NA,7,28,4,4,0,0,0,1,1,0,1,1,,,,,
hallge01,1873,1,BL1,NA,35,168,44,58,6,3,0,30,0,0,2,0,,,,,
hastisc01,1873,1,BL1,NA,30,146,41,41,4,0,0,15,4,2,4,1,,,,,
hatfijo01,1873,1,NY2,NA,52,255,54,78,5,6,2,45,2,0,3,2,,,,,
hicksna01,1873,1,NY2,NA,28,121,12,29,1,2,1,14,2,0,7,0,,,,,
highadi01,1873,1,NY2,NA,49,245,57,77,5,4,0,34,1,3,2,1,,,,,
hinespa01,1873,1,WS5,NA,39,181,33,60,6,3,1,29,0,1,1,1,,,,,
holdsji01,1873,1,NY2,NA,53,233,46,75,4,8,0,28,1,0,0,3,,,,,
holliho01,1873,1,WS5,NA,30,136,25,35,2,2,0,22,0,0,0,6,,,,,
hoopemi01,1873,1,BL4,NA,3,14,3,3,1,0,0,2,0,0,0,0,,,,,
johnsto01,1873,1,BL4,NA,1,4,0,0,0,0,0,0,0,0,0,0,,,,,
jones01,1873,1,BL4,NA,1,4,0,3,0,0,0,1,0,0,0,0,,,,,
kernajo01,1873,1,BL4,NA,2,8,1,3,0,0,0,1,0,0,0,0,,,,,
kesslhe01,1873,1,BR2,NA,1,5,0,1,0,0,0,1,0,0,0,0,,,,,
kohlehe01,1873,1,BL4,NA,6,25,2,3,0,0,0,1,0,0,0,1,,,,,
laughbe01,1873,1,ELI,NA,12,50,3,12,0,0,0,6,0,0,0,0,,,,,
lennobi01,1873,1,BL4,NA,5,19,2,4,0,0,0,2,0,0,0,0,,,,,
leonaan01,1873,1,BS1,NA,58,302,81,95,12,7,0,61,5,6,4,0,,,,,
lovetle01,1873,1,ELI,NA,1,5,1,2,0,0,0,1,0,0,0,0,,,,,
mackde01,1873,1,PH2,NA,48,205,55,60,5,0,0,20,6,2,15,9,,,,,
malonfe01,1873,1,PH2,NA,53,259,59,75,11,2,0,43,2,1,14,7,,,,,
mannija01,1873,1,BS1,NA,32,159,29,43,6,1,0,22,1,0,1,11,,,,,
martiph01,1873,1,NY2,NA,31,140,12,31,1,0,0,14,0,1,0,4,,,,,
mathebo01,1873,1,NY2,NA,52,223,40,43,3,3,0,13,1,1,10,3,,,,,
mcbridi01,1873,1,PH1,NA,49,253,41,71,6,0,0,41,0,0,2,0,,,,,
mcdoo01,1873,1,BL4,NA,1,4,1,0,0,0,0,0,0,0,0,0,,,,,
mcgeami01,1873,1,PH1,NA,52,275,63,83,8,1,0,31,3,6,1,1,,,,,
mcmuljo01,1873,1,PH1,NA,52,227,54,62,7,1,0,29,9,1,8,4,,,,,
mcveyca01,1873,1,BL1,NA,38,192,49,73,4,5,2,34,1,0,3,2,,,,,
meyerle01,1873,1,PH2,NA,48,238,53,83,14,4,3,58,5,0,2,0,,,,,
millsev01,1873,1,BL1,NA,54,263,64,87,19,9,0,57,1,0,2,1,,,,,
murnati01,1873,1,PH1,NA,41,176,53,39,3,0,1,10,7,2,8,13,,,,,
nelsoca01,1873,1,NY2,NA,36,168,28,55,4,1,0,22,2,0,1,2,,,,,
nevinal01,1873,1,ELI,NA,13,53,7,11,1,2,0,2,0,0,0,3,,,,,
orourji01,1873,1,BS1,NA,57,280,79,98,19,3,1,48,4,2,14,1,,,,,
paborch01,1873,1,BR2,NA,55,228,36,82,8,3,0,42,2,0,6,3,,,,,
pearcdi01,1873,1,BR2,NA,55,262,42,72,5,0,1,26,2,0,8,2,,,,,
phelpne01,1873,1,NY2,NA,1,6,0,0,0,0,0,0,0,0,0,0,,,,,
pikeli01,1873,1,BL1,NA,56,286,71,90,14,8,4,50,8,1,7,4,,,,,
popplge01,1873,1,BL4,NA,1,4,0,0,0,0,0,0,0,0,0,0,,,,,
radcljo01,1873,1,BL1,NA,45,245,59,70,7,0,0,33,0,0,3,2,,,,,
reachal01,1873,1,PH1,NA,13,73,13,16,5,1,0,9,2,0,0,0,,,,,
reachbo01,1873,1,WS5,NA,1,5,1,1,0,0,0,0,0,0,0,0,,,,,
remseja01,1873,1,BR2,NA,50,207,29,61,4,6,1,29,1,2,2,2,,,,,
rogerfr01,1873,1,BS1,NA,1,6,1,2,1,0,0,2,0,0,0,1,,,,,
ryanjo01,1873,1,PH2,NA,2,8,1,2,0,0,0,1,0,0,0,0,,,,,
saylo01,1873,1,BL4,NA,3,12,1,2,0,0,0,2,0,0,0,0,,,,,
schafha01,1873,1,BS1,NA,60,295,65,79,12,3,2,46,3,4,3,1,,,,,
selmafr01,1873,1,BL4,NA,1,3,1,1,0,0,0,0,0,0,0,0,,,,,
senseco01,1873,1,PH1,NA,20,86,12,24,1,0,0,8,0,2,0,2,,,,,
sheppjo01,1873,1,BL4,NA,3,11,1,0,0,0,0,0,0,0,0,1,,,,,
simpsma01,1873,1,BL4,NA,4,15,4,2,0,0,0,2,0,0,0,0,,,,,
smithbi01,1873,1,BL4,NA,6,23,2,4,0,0,0,1,0,0,0,0,,,,,
smithjo01,1873,1,BL4,NA,5,19,2,2,0,0,0,1,0,0,0,1,,,,,
snydepo01,1873,1,WS5,NA,28,108,16,21,2,0,0,4,0,1,3,3,,,,,
spaldal01,1873,1,BS1,NA,60,322,83,106,18,2,1,60,1,0,3,1,,,,,
startjo01,1873,1,NY2,NA,53,251,42,67,8,3,1,28,1,0,4,0,,,,,
stearbi01,1873,1,WS5,NA,32,133,22,24,0,0,0,8,0,0,4,9,,,,,
strated01,1873,1,BL4,NA,4,16,2,2,0,0,0,0,0,0,0,0,,,,,
suttoez01,1873,1,PH1,NA,51,242,51,81,7,6,0,33,1,3,2,2,,,,,
swandma01,1873,1,ELI,NA,2,9,1,1,0,0,0,1,0,0,0,0,,,,,
sweasch01,1873,1,BS1,NA,1,4,0,1,0,0,0,0,0,0,0,0,,,,,
treacfr01,1873,1,PH2,NA,51,243,49,62,7,2,1,32,2,3,5,6,,,,,
wallho01,1873,1,WS5,NA,1,4,1,1,0,0,0,0,0,0,0,0,,,,,
waterfr01,1873,1,WS5,NA,15,80,20,28,1,1,0,12,0,0,1,1,,,,,
whitede01,1873,1,BS1,NA,60,310,79,121,15,6,0,66,6,2,0,2,,,,,
whitewa01,1873,1,WS5,NA,39,160,29,43,3,4,0,21,1,1,0,1,,,,,
woltery01,1873,1,ELI,NA,1,4,1,0,0,0,0,0,0,0,0,0,,,,,
woodhre01,1873,1,BL4,NA,1,5,1,0,0,0,0,0,0,0,0,0,,,,,
woodji01,1873,1,PH2,NA,42,209,67,67,11,1,0,27,8,3,8,1,,,,,
wordsfa01,1873,1,ELI,NA,12,42,5,10,0,0,0,3,0,0,2,1,,,,,
wrighge01,1873,1,BS1,NA,59,325,99,126,19,8,3,50,3,5,8,2,,,,,
wrighha01,1873,1,BS1,NA,58,266,57,67,10,4,2,35,1,1,10,3,,,,,
yorkto01,1873,1,BL1,NA,57,277,70,84,10,7,2,49,3,1,3,3,,,,,
zettlge01,1873,1,PH2,NA,51,241,39,50,2,0,0,22,3,0,1,4,,,,,
addybo01,1874,1,HR1,NA,50,213,25,51,9,2,0,23,4,2,1,0,,,,,
allisdo01,1874,1,NY2,NA,65,318,68,90,7,5,0,28,1,0,6,5,,,,,
ansonca01,1874,1,PH1,NA,55,259,51,87,8,3,0,37,6,0,4,1,,,,,
barloto01,1874,1,HR1,NA,32,156,37,46,4,1,0,10,9,2,0,2,,,,,
barnero01,1874,1,BS1,NA,51,259,72,88,12,4,0,41,8,7,8,2,,,,,
barnibi01,1874,1,HR1,NA,45,190,21,35,4,2,0,19,2,2,1,13,,,,,
battijo01,1874,1,PH1,NA,51,226,40,52,11,1,0,27,3,2,1,7,,,,,
bealsto01,1874,1,BS1,NA,19,97,20,19,3,4,0,17,0,1,0,2,,,,,
bechtge01,1874,1,PH2,NA,32,151,29,42,4,5,1,34,0,0,2,1,,,,,
bielaos01,1874,1,BL1,NA,43,187,24,45,0,0,0,8,3,1,2,4,,,,,
boardfr01,1874,1,BL1,NA,1,4,0,1,0,0,0,0,0,0,0,0,,,,,
bondto01,1874,1,BR2,NA,55,245,25,54,10,1,0,20,0,0,1,5,,,,,
boothed01,1874,1,BR2,NA,44,185,24,47,4,3,1,16,0,0,3,3,,,,,
boydbi01,1874,1,HR1,NA,26,117,22,41,8,4,0,20,1,0,1,2,,,,,
bradyst01,1874,1,HR1,NA,27,118,19,37,5,1,0,14,1,2,2,10,,,,,
brainas01,1874,1,BL1,NA,47,196,19,47,3,0,0,8,0,3,2,3,,,,,
brown01,1874,1,BL1,NA,2,9,0,0,0,0,0,0,0,0,0,0,,,,,
burdoja01,1874,1,NY2,NA,61,273,45,75,11,4,1,27,4,0,1,5,,,,,
careyto01,1874,1,NY2,NA,64,286,56,82,10,3,1,39,3,0,2,4,,,,,
carlle01,1874,1,BL1,NA,1,3,0,0,0,0,0,0,0,0,0,0,,,,,
chapmja01,1874,1,BR2,NA,53,242,32,64,10,2,0,25,2,1,4,11,,,,,
clackbo01,1874,1,BR2,NA,33,135,22,23,1,0,0,13,0,0,4,2,,,,,
clappjo01,1874,1,PH1,NA,39,165,46,48,7,4,3,20,2,0,1,1,,,,,
clintji01,1874,1,BR2,NA,2,11,3,2,1,0,0,2,0,0,0,2,,,,,
collida01,1874,1,CH2,NA,3,12,1,1,1,0,0,0,1,0,0,2,,,,,
connete01,1874,1,CH2,NA,1,4,0,0,0,0,0,0,0,0,0,0,,,,,
cravebi01,1874,1,PH2,NA,55,265,68,91,19,11,0,56,11,3,4,2,,,,,
cummica01,1874,1,PH2,NA,54,231,32,52,4,2,0,19,1,1,0,12,,,,,
cuthbne01,1874,1,CH2,NA,58,295,65,79,6,1,2,22,8,0,5,5,,,,,
deaneha01,1874,1,BL1,NA,47,203,29,50,8,1,0,13,2,1,5,3,,,,,
dehlmhe01,1874,1,BR2,NA,53,218,40,49,3,1,0,18,2,0,7,5,,,,,
devliji01,1874,1,CH2,NA,45,203,26,58,5,0,0,27,2,1,2,9,,,,,
donnepe01,1874,1,PH2,NA,6,22,2,5,0,0,0,2,0,0,0,0,,,,,
eggleda01,1874,1,PH2,NA,58,299,70,95,13,8,0,31,5,6,5,1,,,,,
farreja01,1874,1,HR1,NA,3,13,3,5,0,0,0,0,0,0,1,0,,,,,
farrojo01,1874,1,BR2,NA,27,122,16,26,3,0,0,10,0,0,1,1,,,,,
fergubo01,1874,1,BR2,NA,56,245,34,64,4,0,0,18,4,3,2,7,,,,,
fishech01,1874,1,HR1,NA,52,241,28,54,7,0,0,28,0,2,2,6,,,,,
fislewe01,1874,1,PH1,NA,37,180,26,59,12,1,0,22,2,0,0,1,,,,,
fleetfr01,1874,1,BR2,NA,22,97,18,22,0,0,0,10,1,0,1,1,,,,,
forceda01,1874,1,CH2,NA,59,294,61,92,9,0,0,26,4,0,3,1,,,,,
fulmech01,1874,1,PH2,NA,57,258,49,72,3,2,0,37,0,2,2,5,,,,,
gaver01,1874,1,BR2,NA,1,4,1,0,0,0,0,0,0,0,0,0,,,,,
gedneco01,1874,1,PH1,NA,54,222,49,61,4,1,1,34,2,2,7,11,,,,,
geerbi01,1874,1,NY2,NA,2,8,0,2,0,0,0,1,0,0,0,0,,,,,
gerhajo01,1874,1,BL1,NA,14,61,10,19,0,1,0,6,0,0,0,0,,,,,
gilro01,1874,1,CH2,NA,8,38,4,8,1,0,0,7,0,0,1,3,,,,,
glennjo01,1874,1,CH2,NA,55,237,33,67,9,0,0,33,2,2,5,4,,,,,
gouldch01,1874,1,BL1,NA,33,143,20,32,6,0,0,14,1,0,2,1,,,,,
hallge01,1874,1,BS1,NA,47,222,58,64,10,8,1,32,2,0,1,0,,,,,
hallji01,1874,1,BR2,NA,2,9,0,1,0,0,0,0,0,0,0,0,,,,,
hastisc01,1874,1,HR1,NA,52,246,60,80,11,2,0,29,7,4,5,3,,,,,
hatfijo01,1874,1,NY2,NA,63,292,47,66,12,1,0,30,4,0,7,12,,,,,
hicksna01,1874,1,PH2,NA,58,266,51,73,8,1,0,30,3,2,5,4,,,,,
highadi01,1874,1,NY2,NA,65,333,58,87,14,3,1,37,5,3,4,0,,,,,
hinespa01,1874,1,CH2,NA,59,271,47,80,10,2,0,34,4,1,4,4,,,,,
hodesch01,1874,1,BR2,NA,21,81,8,12,3,0,0,7,0,0,0,2,,,,,
holdsji01,1874,1,PH2,NA,57,285,60,97,8,9,0,37,1,2,1,0,,,,,
jones01,1874,1,BL1,NA,2,7,0,1,0,0,0,1,0,0,0,0,,,,,
kesslhe01,1874,1,BR2,NA,14,56,8,17,1,0,0,4,0,0,0,2,,,,,
knowdja01,1874,1,BR2,NA,24,86,8,12,1,1,0,3,1,0,1,3,,,,,
kohlehe01,1874,1,BL1,NA,2,4,0,0,0,0,0,0,0,0,0,0,,,,,
ledwimi01,1874,1,BR2,NA,1,4,1,1,0,0,0,1,0,0,0,0,,,,,
leonaan01,1874,1,BS1,NA,71,339,68,108,18,4,0,51,11,3,2,2,,,,,
mackde01,1874,1,PH2,NA,56,246,48,51,8,4,0,22,4,0,2,3,,,,,
malonfe01,1874,1,CH2,NA,47,223,33,56,5,0,0,29,2,1,4,0,,,,,
mannija01,1874,1,BL1,NA,42,174,32,61,8,2,0,18,0,0,2,2,,,,,
mannija01,1874,2,HR1,NA,1,5,1,1,0,0,0,0,0,0,0,0,,,,,
martial01,1874,1,BR2,NA,7,29,1,4,0,0,0,1,0,0,0,1,,,,,
mathebo01,1874,1,NY2,NA,65,298,46,72,6,1,0,30,2,0,3,3,,,,,
mcbridi01,1874,1,PH1,NA,55,263,30,57,7,1,0,34,1,0,1,5,,,,,
mcgeami01,1874,1,PH1,NA,54,271,61,87,10,2,0,22,10,2,1,2,,,,,
mcgeepa01,1874,1,BR2,NA,16,65,4,11,1,0,0,6,0,0,0,3,,,,,
mckenfr01,1874,1,PH2,NA,1,4,0,0,0,0,0,0,0,0,0,1,,,,,
mcmuljo01,1874,1,PH1,NA,55,260,61,90,10,2,2,32,4,3,8,12,,,,,
mcveyca01,1874,1,BS1,NA,70,343,91,123,21,6,3,71,5,0,1,3,,,,,
meyerle01,1874,1,CH2,NA,53,254,65,100,19,1,1,47,3,1,3,4,,,,,
milleto01,1874,1,PH1,NA,4,16,1,8,0,0,0,5,0,0,0,0,,,,,
millsev01,1874,1,HR1,NA,53,243,39,69,6,1,0,17,0,1,4,2,,,,,
murnati01,1874,1,PH1,NA,21,82,11,17,2,0,0,11,0,1,1,3,,,,,
nelsoca01,1874,1,NY2,NA,65,297,55,73,7,5,0,32,6,0,9,5,,,,,
oneal01,1874,1,HR1,NA,1,3,0,0,0,0,0,0,0,0,0,1,,,,,
orourji01,1874,1,BS1,NA,70,331,82,104,15,8,5,61,11,1,4,5,,,,,
paborch01,1874,1,PH2,NA,17,77,11,17,0,1,0,1,0,1,0,0,,,,,
patteda01,1874,1,NY2,NA,1,5,1,2,0,0,0,2,0,0,0,0,,,,,
pearcdi01,1874,1,BR2,NA,56,255,48,75,1,0,0,25,1,0,6,1,,,,,
peterjo01,1874,1,CH2,NA,55,239,39,69,10,0,1,25,2,2,2,11,,,,,
phelpne01,1874,1,NY2,NA,6,24,5,3,0,0,0,2,0,0,0,0,,,,,
pikeli01,1874,1,HR1,NA,52,234,58,83,22,5,1,51,3,1,5,0,,,,,
quinl01,1874,1,PH2,NA,1,4,0,1,0,0,0,1,0,0,0,0,,,,,
radcljo01,1874,1,PH2,NA,23,103,20,25,7,0,1,14,1,1,2,0,,,,,
reachal01,1874,1,PH1,NA,14,55,8,7,2,0,0,2,0,0,0,4,,,,,
reedhu01,1874,1,BL1,NA,1,4,0,0,0,0,0,0,0,0,0,0,,,,,
remseja01,1874,1,NY2,NA,64,284,52,65,9,3,2,37,6,0,0,5,,,,,
revilhe01,1874,1,BL1,NA,1,4,0,0,0,0,0,0,0,0,0,0,,,,,
ryanjo01,1874,1,BL1,NA,47,182,29,35,8,1,0,19,3,0,5,13,,,,,
saylo01,1874,1,BL1,NA,18,66,4,14,3,0,0,5,0,0,0,1,,,,,
schafha01,1874,1,BS1,NA,71,327,69,87,10,2,1,45,2,4,1,5,,,,,
selmafr01,1874,1,BL1,NA,12,54,9,16,3,2,0,5,2,0,0,2,,,,,
senseco01,1874,1,PH1,NA,5,16,3,3,0,0,0,2,0,0,0,0,,,,,
shaffor01,1874,1,HR1,NA,9,35,6,8,0,0,1,3,0,0,0,3,,,,,
shaffor01,1874,2,NY2,NA,1,5,1,1,0,0,0,0,0,0,0,0,,,,,
smilebi01,1874,1,BL1,NA,2,7,0,0,0,0,0,0,0,0,0,0,,,,,
smithjo01,1874,1,BL1,NA,6,21,1,4,1,0,0,1,0,0,0,1,,,,,
snowch01,1874,1,BR2,NA,1,1,0,1,0,0,0,0,0,0,0,0,,,,,
snydepo01,1874,1,BL1,NA,39,151,24,33,4,0,1,17,0,0,1,2,,,,,
spaldal01,1874,1,BS1,NA,71,362,80,119,13,1,0,54,2,1,3,0,,,,,
startjo01,1874,1,NY2,NA,63,306,67,96,13,3,2,45,5,0,4,0,,,,,
stearbi01,1874,1,HR1,NA,33,132,16,21,1,0,0,9,0,0,7,7,,,,,
suttoez01,1874,1,PH1,NA,55,243,54,71,10,3,0,28,6,4,0,2,,,,,
sweasch01,1874,1,BL1,NA,8,33,2,8,0,0,0,4,0,0,2,0,,,,,
sweasch01,1874,2,BR2,NA,10,44,4,5,1,0,0,3,0,0,0,0,,,,,
tayloza01,1874,1,BL1,NA,13,48,3,12,0,0,0,3,0,0,0,1,,,,,
tippeji01,1874,1,HR1,NA,45,197,36,60,8,0,0,20,0,1,1,7,,,,,
treacfr01,1874,1,CH2,NA,35,148,18,28,5,0,0,12,4,4,2,6,,,,,
westbi01,1874,1,BR2,NA,9,35,4,8,1,0,0,2,0,0,1,2,,,,,
whitede01,1874,1,BS1,NA,70,353,75,106,5,7,3,52,1,1,4,0,,,,,
whitewa01,1874,1,BL1,NA,45,212,21,57,1,0,0,18,1,0,1,2,,,,,
wood01,1874,1,BL1,NA,1,5,0,0,0,0,0,0,0,0,0,1,,,,,
wrighge01,1874,1,BS1,NA,60,313,76,103,10,15,2,44,2,0,5,6,,,,,
wrighha01,1874,1,BS1,NA,40,184,44,58,4,2,2,27,1,0,4,2,,,,,
yorkto01,1874,1,PH2,NA,50,224,36,56,4,7,0,37,1,0,5,4,,,,,
zettlge01,1874,1,CH2,NA,57,244,26,47,7,0,0,18,0,0,1,5,,,,,
abadijo01,1875,1,PH3,NA,11,45,3,10,0,0,0,4,1,0,0,3,,,,,
abadijo01,1875,2,BR2,NA,1,4,1,1,0,0,0,1,0,0,0,0,,,,,
addybo01,1875,1,PH2,NA,69,310,60,80,8,4,0,43,16,8,0,2,,,,,
allisar01,1875,1,WS6,NA,26,112,18,24,3,1,0,3,6,0,1,2,,,,,
allisar01,1875,2,HR1,NA,40,175,26,42,4,1,1,19,1,2,0,3,,,,,
allisdo01,1875,1,HR1,NA,61,269,38,67,7,0,0,21,2,0,6,3,,,,,
ansonca01,1875,1,PH1,NA,69,326,84,106,15,3,0,58,11,6,4,2,,,,,
arundha01,1875,1,BR2,NA,1,4,0,0,0,0,0,0,0,0,0,0,,,,,
banckst01,1875,1,NH1,NA,19,72,3,11,0,0,0,2,1,0,0,3,,,,,
barloto01,1875,1,NH1,NA,1,5,1,1,0,0,0,0,0,0,0,0,,,,,
barloto01,1875,2,BR2,NA,1,4,0,0,0,0,0,0,0,0,0,0,,,,,
barnero01,1875,1,BS1,NA,78,393,115,143,20,4,1,58,29,6,7,3,,,,,
barnibi01,1875,1,KEO,NA,10,36,3,4,1,0,0,2,0,0,0,3,,,,,
barnibi01,1875,2,NY2,NA,9,34,1,5,0,0,0,1,0,0,1,0,,,,,
battijo01,1875,1,SL2,NA,67,284,31,71,6,3,0,33,15,3,0,6,,,,,
bealsto01,1875,1,BS1,NA,35,155,38,41,2,6,0,16,1,0,3,1,,,,,
bechtge01,1875,1,PH3,NA,14,61,12,17,5,0,0,7,0,0,1,1,,,,,
bechtge01,1875,2,PH1,NA,35,164,33,46,6,2,0,20,2,0,1,3,,,,,
bielaos01,1875,1,CH2,NA,51,201,21,48,1,0,0,11,5,5,2,5,,,,,
blongjo01,1875,1,SL1,NA,16,68,3,10,2,0,0,5,1,0,0,7,,,,,
bolan01,1875,1,BR2,NA,1,4,0,0,0,0,0,0,0,0,0,0,,,,,
bondto01,1875,1,HR1,NA,72,289,32,77,11,3,0,33,5,1,0,5,,,,,
booth01,1875,1,NH1,NA,1,2,0,0,0,0,0,0,0,0,0,1,,,,,
boothed01,1875,1,NY2,NA,68,281,33,56,3,4,0,18,4,3,0,2,,,,,
bordejo01,1875,1,PH2,NA,7,28,3,3,0,0,0,1,0,0,0,1,,,,,
boydbi01,1875,1,BR2,NA,36,151,14,44,11,0,1,10,0,0,1,0,,,,,
bradlge01,1875,1,SL2,NA,60,254,28,62,7,3,0,24,3,3,1,19,,,,,
brady01,1875,1,CH2,NA,1,4,1,1,0,1,0,0,0,0,0,0,,,,,
bradyst01,1875,1,WS6,NA,21,91,7,13,0,0,0,3,5,0,0,4,,,,,
bradyst01,1875,2,HR1,NA,1,4,0,0,0,0,0,0,0,0,0,1,,,,,
brannmi01,1875,1,CH2,NA,2,9,2,1,0,0,0,0,2,0,0,0,,,,,
brownol01,1875,1,BR2,NA,3,10,0,0,0,0,0,0,0,0,0,0,,,,,
burdoja01,1875,1,HR1,NA,74,350,72,103,12,5,0,35,20,11,3,13,,,,,
bushodo01,1875,1,BR2,NA,1,5,0,3,0,1,0,0,0,0,0,0,,,,,
carbijo01,1875,1,KEO,NA,10,36,0,3,0,0,0,2,0,0,0,1,,,,,
careyto01,1875,1,HR1,NA,86,382,63,101,6,2,0,38,13,3,1,3,,,,,
cassijo01,1875,1,BR2,NA,41,166,14,29,3,2,1,6,0,0,0,4,,,,,
cassijo01,1875,2,NH1,NA,6,22,3,3,1,0,0,1,0,1,0,1,,,,,
chapmja01,1875,1,SL2,NA,43,195,28,44,5,3,0,30,4,1,1,7,,,,,
clackbo01,1875,1,BR2,NA,17,59,1,6,0,0,0,1,0,0,0,3,,,,,
clappjo01,1875,1,PH1,NA,60,292,65,77,8,7,0,39,9,5,7,1,,,,,
clintji01,1875,1,BR2,NA,22,81,3,10,0,0,0,0,0,0,0,0,,,,,
coonwi01,1875,1,PH1,NA,4,12,1,2,0,0,0,1,1,0,0,0,,,,,
cranefr01,1875,1,BR2,NA,21,81,7,17,1,0,0,4,0,0,0,4,,,,,
cravebi01,1875,1,PH3,NA,14,65,8,18,4,2,0,5,1,0,2,4,,,,,
cravebi01,1875,2,PH1,NA,54,260,71,83,11,11,2,40,8,4,4,5,,,,,
croftar01,1875,1,SL1,NA,19,75,5,15,3,0,0,2,5,1,0,2,,,,,
crowlbi01,1875,1,PH2,NA,9,37,4,3,0,0,0,3,0,0,1,0,,,,,
cummica01,1875,1,HR1,NA,53,221,30,44,7,2,0,15,1,0,3,11,,,,,
cuthbne01,1875,1,SL2,NA,68,319,68,78,9,2,0,17,18,1,3,8,,,,,
dailejo01,1875,1,WS6,NA,27,110,16,20,5,4,0,13,3,2,0,1,,,,,
dailejo01,1875,2,BR2,NA,2,8,3,1,0,0,0,0,0,0,0,1,,,,,
dehlmhe01,1875,1,SL2,NA,67,254,42,57,12,2,0,14,23,9,11,21,,,,,
devliji01,1875,1,CH2,NA,69,318,60,92,17,6,0,40,6,1,4,4,,,,,
dillojo01,1875,1,SL1,NA,1,1,0,0,0,0,0,0,0,0,0,0,,,,,
dillopa01,1875,1,SL1,NA,3,13,1,3,1,0,0,1,0,0,0,0,,,,,
dolele01,1875,1,NH1,NA,1,4,1,2,0,0,0,0,0,0,0,0,,,,,
doschhe01,1875,1,WS6,NA,22,81,5,15,4,0,0,5,1,0,0,6,,,,,
edwar01,1875,1,BR2,NA,1,5,1,1,0,0,0,0,0,0,0,0,,,,,
eggleda01,1875,1,PH1,NA,66,295,66,89,13,7,0,33,6,5,1,10,,,,,
ellicjo01,1875,1,SL1,NA,7,27,1,6,1,0,0,1,1,0,0,1,,,,,
evans01,1875,1,NH1,NA,1,4,1,2,0,0,0,1,0,0,0,0,,,,,
fergubo01,1875,1,HR1,NA,85,366,65,88,10,4,0,43,2,1,3,5,,,,,
fieldsa01,1875,1,PH3,NA,3,11,2,1,0,0,0,0,0,0,0,0,,,,,
fieldsa01,1875,2,WS6,NA,5,16,0,5,0,0,0,1,1,0,0,1,,,,,
fishech01,1875,1,PH2,NA,41,177,26,41,3,1,0,11,4,3,1,6,,,,,
fislewe01,1875,1,PH1,NA,58,268,54,74,13,3,0,31,1,4,4,4,,,,,
fleetfr01,1875,1,SL2,NA,4,16,1,1,0,0,0,1,0,0,0,0,,,,,
fleetfr01,1875,2,BR2,NA,26,111,13,25,2,0,0,9,0,0,1,1,,,,,
flintsi01,1875,1,SL1,NA,17,61,4,5,0,0,0,1,2,0,1,10,,,,,
foleywi01,1875,1,CH2,NA,3,12,0,3,1,0,0,1,0,0,0,2,,,,,
forceda01,1875,1,PH1,NA,77,386,78,120,22,5,0,49,6,3,7,5,,,,,
fulmech01,1875,1,PH2,NA,69,295,50,65,6,1,0,24,10,4,0,6,,,,,
fulmewa01,1875,1,BR2,NA,1,4,1,2,0,0,0,1,0,0,0,0,,,,,
galvipu01,1875,1,SL2,NA,13,46,8,6,2,1,0,2,3,0,0,1,,,,,
gedneco01,1875,1,NY2,NA,68,267,30,55,12,2,0,17,2,3,0,8,,,,,
geerbi01,1875,1,NH1,NA,37,164,20,40,4,1,0,9,2,2,1,4,,,,,
gerhajo01,1875,1,NY2,NA,58,252,29,54,7,3,0,20,0,5,0,2,,,,,
gilgahu01,1875,1,BR2,NA,2,8,2,2,0,0,0,0,0,0,0,0,,,,,
gilmoji01,1875,1,WS6,NA,3,12,2,3,0,0,0,0,0,0,0,3,,,,,
gilro01,1875,1,PH1,NA,2,6,0,1,0,0,0,0,0,0,0,0,,,,,
glennjo01,1875,1,CH2,NA,69,308,46,75,8,0,0,27,10,2,3,6,,,,,
goldemi01,1875,1,KEO,NA,13,46,6,6,0,0,0,1,0,0,0,3,,,,,
goldemi01,1875,2,CH2,NA,39,155,16,40,3,0,0,14,3,2,2,10,,,,,
goldsfr01,1875,1,NH1,NA,1,4,0,2,0,0,0,1,0,0,0,0,,,,,
goldswa01,1875,1,KEO,NA,13,51,3,6,0,0,0,1,0,0,0,2,,,,,
gouldch01,1875,1,NH1,NA,27,109,9,29,4,1,0,8,0,1,1,2,,,,,
haguebi01,1875,1,SL2,NA,62,260,24,57,2,0,0,22,3,4,2,9,,,,,
hallge01,1875,1,PH1,NA,77,358,71,107,10,12,4,62,8,5,3,4,,,,,
halliji01,1875,1,KEO,NA,13,51,12,14,2,1,0,3,2,2,0,1,,,,,
halliji01,1875,2,NY2,NA,44,203,29,58,6,3,3,21,2,2,1,2,,,,,
hallji01,1875,1,KEO,NA,1,3,0,1,0,1,0,1,0,0,0,0,,,,,
harbibi01,1875,1,HR1,NA,53,208,32,50,3,3,0,26,2,4,9,3,,,,,
harriri01,1875,1,NH1,NA,1,4,0,2,1,0,0,1,0,1,0,0,,,,,
hastisc01,1875,1,CH2,NA,65,287,43,73,9,0,0,30,13,11,9,14,,,,,
hatfijo01,1875,1,NY2,NA,1,4,1,2,1,0,0,1,0,0,0,0,,,,,
hautzch01,1875,1,SL1,NA,19,83,5,25,3,0,0,4,5,1,0,9,,,,,
heifefr01,1875,1,BS1,NA,11,50,11,14,0,3,0,5,0,0,0,0,,,,,
helli01,1875,1,BR2,NA,1,4,0,1,0,0,0,0,0,0,0,0,,,,,
hicksna01,1875,1,NY2,NA,62,269,32,67,10,0,0,22,1,0,2,10,,,,,
highadi01,1875,1,CH2,NA,42,208,44,49,5,3,0,12,6,2,0,0,,,,,
highadi01,1875,2,NY2,NA,15,64,12,25,5,0,0,10,0,0,0,1,,,,,
hinespa01,1875,1,CH2,NA,69,308,45,101,14,4,0,36,6,9,1,0,,,,,
holdsji01,1875,1,NY2,NA,71,324,45,92,12,1,0,23,3,3,1,3,,,,,
holliho01,1875,1,WS6,NA,19,81,8,20,1,1,0,5,2,1,1,2,,,,,
jonesch01,1875,1,KEO,NA,12,47,4,13,2,4,0,10,1,1,0,5,,,,,
jonesch01,1875,2,HR1,NA,1,4,1,0,0,0,0,0,0,0,0,1,,,,,
keenaji01,1875,1,NH1,NA,5,13,1,1,0,0,0,0,0,0,0,0,,,,,
keerlge01,1875,1,CH2,NA,6,23,2,3,0,0,0,3,0,0,0,2,,,,,
kesslhe01,1875,1,BR2,NA,25,105,17,26,2,0,0,7,0,2,1,2,,,,,
knighge01,1875,1,NH1,NA,1,4,0,0,0,0,0,0,0,0,0,0,,,,,
knighlo01,1875,1,PH1,NA,13,47,5,6,2,0,0,2,2,0,0,2,,,,,
knowdja01,1875,1,BR2,NA,43,163,17,32,2,0,0,9,0,1,1,3,,,,,
lathaju01,1875,1,BS1,NA,16,78,23,21,4,0,0,13,0,0,0,2,,,,,
lathaju01,1875,2,NH1,NA,20,76,6,15,1,0,0,5,6,0,0,4,,,,,
leonaan01,1875,1,BS1,NA,80,396,87,127,14,6,1,74,14,8,2,6,,,,,
lovetle01,1875,1,PH3,NA,6,21,2,5,1,0,0,2,0,0,1,5,,,,,
lowryjo01,1875,1,WS6,NA,6,22,2,3,0,0,0,0,0,1,1,0,,,,,
luffhe01,1875,1,NH1,NA,38,166,15,45,10,3,2,18,3,3,0,5,,,,,
malonfe01,1875,1,PH2,NA,29,123,15,28,2,1,0,10,1,0,1,2,,,,,
mannija01,1875,1,BS1,NA,77,348,71,94,11,3,1,46,5,5,2,9,,,,,
martial01,1875,1,BR2,NA,6,26,1,3,0,0,0,1,0,0,0,0,,,,,
masonch01,1875,1,PH3,NA,12,47,5,11,0,0,0,3,0,0,0,1,,,,,
masonch01,1875,2,WS6,NA,8,33,2,3,0,0,0,1,0,0,0,3,,,,,
mathebo01,1875,1,NY2,NA,70,264,23,48,6,2,0,15,1,2,2,5,,,,,
mcbridi01,1875,1,PH1,NA,60,270,42,73,9,0,0,45,2,1,4,5,,,,,
mcclo01,1875,1,WS6,NA,11,40,1,7,0,0,0,4,0,1,1,2,,,,,
mcgeami01,1875,1,PH2,NA,68,310,71,90,6,2,0,37,19,4,1,1,,,,,
mcgeepa01,1875,1,NY2,NA,25,95,4,17,2,0,0,9,0,0,0,10,,,,,
mcgeepa01,1875,2,BR2,NA,18,65,3,10,3,1,0,5,0,0,1,4,,,,,
mcginti01,1875,1,PH3,NA,13,52,5,12,0,1,0,5,0,0,0,4,,,,,
mcginti01,1875,2,NH1,NA,32,131,13,36,3,1,0,10,1,1,0,7,,,,,
mckeljo01,1875,1,NH1,NA,43,188,26,43,3,1,0,10,3,1,5,8,,,,,
mcmuljo01,1875,1,PH2,NA,54,222,33,57,9,4,2,19,6,10,5,12,,,,,
mcsortr01,1875,1,SL1,NA,15,52,4,11,0,0,0,2,3,0,0,3,,,,,
mcveyca01,1875,1,BS1,NA,82,389,89,138,36,9,3,87,7,0,1,5,,,,,
metcaal01,1875,1,NY2,NA,8,32,2,7,0,0,0,1,2,0,0,3,,,,,
meyerle01,1875,1,PH2,NA,68,301,55,95,14,8,1,54,7,2,0,2,,,,,
millejo01,1875,1,KEO,NA,13,50,4,6,1,0,0,0,0,0,0,3,,,,,
millejo01,1875,2,CH2,NA,15,54,1,8,0,0,0,1,0,0,0,7,,,,,
milleto01,1875,1,SL2,NA,56,214,18,35,2,0,0,12,2,0,1,8,,,,,
millsev01,1875,1,HR1,NA,80,342,59,89,8,4,1,48,6,4,0,3,,,,,
mooremo01,1875,1,BR2,NA,21,86,5,19,4,0,0,5,0,1,0,4,,,,,
morgapi01,1875,1,SL1,NA,19,69,11,18,4,0,0,1,2,1,5,4,,,,,
munnho01,1875,1,BR2,NA,1,4,0,0,0,0,0,0,0,0,0,0,,,,,
murnati01,1875,1,PH2,NA,69,313,71,85,5,0,1,30,30,9,7,7,,,,,
nelsoca01,1875,1,NY2,NA,70,276,28,55,7,1,0,23,4,2,9,0,,,,,
nichoal01,1875,1,BR2,NA,32,131,4,20,2,0,0,9,0,0,0,6,,,,,
nichotr01,1875,1,NH1,NA,34,119,12,23,0,2,0,5,5,0,0,2,,,,,
oneilj01,1875,1,BR2,NA,7,26,3,2,0,0,0,1,0,1,1,1,,,,,
oranto01,1875,1,SL1,NA,19,81,7,15,3,1,0,10,3,2,1,1,,,,,
orourji01,1875,1,BS1,NA,75,358,97,106,13,7,6,72,17,5,9,6,,,,,
paborch01,1875,1,BR2,NA,42,153,14,36,2,2,0,11,0,0,1,1,,,,,
paborch01,1875,2,NH1,NA,6,23,4,8,0,2,0,2,0,0,0,1,,,,,
parksbi01,1875,1,WS6,NA,27,111,13,20,0,0,0,6,1,1,1,1,,,,,
parksbi01,1875,2,PH2,NA,2,6,0,1,0,0,0,0,0,0,0,1,,,,,
patteda01,1875,1,BR2,NA,12,45,4,9,0,0,0,4,1,0,0,0,,,,,
pearcdi01,1875,1,SL2,NA,70,311,51,77,6,3,0,29,8,3,7,7,,,,,
peterjo01,1875,1,CH2,NA,69,297,40,85,16,2,0,34,12,6,0,3,,,,,
phelpne01,1875,1,NY2,NA,2,6,1,2,1,0,0,0,0,0,0,1,,,,,
pikeli01,1875,1,SL2,NA,70,312,61,108,22,12,0,44,25,10,3,8,,,,,
quinnpa01,1875,1,BR2,NA,2,8,2,1,0,0,0,0,0,0,0,0,,,,,
quinnpa02,1875,1,KEO,NA,11,43,4,14,1,0,0,5,0,1,0,1,,,,,
quinnpa02,1875,2,HR1,NA,5,13,1,3,0,0,0,1,0,1,1,3,,,,,
quinnpa02,1875,3,CH2,NA,17,61,12,14,0,0,0,1,1,1,0,2,,,,,
radcljo01,1875,1,PH3,NA,5,23,2,4,0,0,0,0,0,0,1,0,,,,,
reachal01,1875,1,PH1,NA,3,14,4,4,1,0,0,1,2,1,0,0,,,,,
redmobi01,1875,1,SL1,NA,19,82,12,16,2,0,0,1,3,0,2,7,,,,,
remseja01,1875,1,HR1,NA,86,358,70,96,10,4,0,34,6,3,5,4,,,,,
resslla01,1875,1,WS6,NA,27,108,17,21,1,0,0,5,4,0,0,4,,,,,
rextewi01,1875,1,BR2,NA,1,4,0,0,0,0,0,0,0,0,0,0,,,,,
richmjo01,1875,1,PH1,NA,29,125,29,25,2,0,0,12,1,0,1,4,,,,,
rileybi01,1875,1,KEO,NA,8,33,4,5,1,0,0,1,0,0,1,1,,,,,
rocapad01,1875,1,PH1,NA,16,69,13,12,1,0,0,4,3,2,1,7,,,,,
ryanjo01,1875,1,NH1,NA,37,146,17,23,2,2,0,8,10,4,3,12,,,,,
saylo01,1875,1,WS6,NA,11,38,4,10,0,0,0,2,0,0,0,7,,,,,
schafha01,1875,1,BS1,NA,52,222,49,64,9,0,0,17,3,2,1,8,,,,,
selmafr01,1875,1,WS6,NA,1,3,0,1,0,0,0,0,0,0,0,0,,,,,
sewarge01,1875,1,SL2,NA,25,96,12,24,2,0,0,8,1,0,1,1,,,,,
shaff01,1875,1,BR2,NA,1,4,0,0,0,0,0,0,0,0,0,0,,,,,
shaffor01,1875,1,PH2,NA,19,70,10,17,2,1,0,6,2,0,0,4,,,,,
sheri01,1875,1,BR2,NA,1,4,0,0,0,0,0,0,0,0,0,1,,,,,
simmojo01,1875,1,KEO,NA,13,53,5,9,1,0,0,4,1,2,0,2,,,,,
smithjo01,1875,1,NH1,NA,1,3,0,0,0,0,0,0,0,0,1,0,,,,,
smithto01,1875,1,BR2,NA,3,13,0,1,0,0,0,1,0,0,0,0,,,,,
snydepo01,1875,1,PH2,NA,66,263,38,64,8,2,1,25,3,8,4,4,,,,,
somered01,1875,1,PH3,NA,14,57,6,13,3,0,0,6,1,0,1,3,,,,,
somered01,1875,2,NH1,NA,33,136,14,29,5,0,0,7,1,2,1,3,,,,,
spaldal01,1875,1,BS1,NA,74,343,68,107,15,3,0,56,2,2,3,3,,,,,
startjo01,1875,1,NY2,NA,69,314,58,90,10,5,4,30,1,4,3,0,,,,,
stearbi01,1875,1,WS6,NA,21,78,9,20,0,0,0,7,0,1,1,4,,,,,
stevero01,1875,1,WS6,NA,1,4,0,1,0,0,0,0,0,0,0,0,,,,,
stodd01,1875,1,BR2,NA,2,9,1,1,1,0,0,0,0,0,0,1,,,,,
sulli01,1875,1,NH1,NA,2,8,3,3,0,0,0,2,1,0,0,1,,,,,
suttoez01,1875,1,PH1,NA,75,358,83,116,11,7,1,59,13,10,1,3,,,,,
sweasch01,1875,1,SL1,NA,19,76,7,13,1,0,0,4,2,4,3,1,,,,,
terry01,1875,1,WS6,NA,6,22,0,4,0,1,0,2,0,0,0,1,,,,,
thompan01,1875,1,WS6,NA,11,41,3,4,0,1,0,3,0,0,0,1,,,,,
thompfr01,1875,1,BR2,NA,1,5,1,2,0,0,0,1,0,0,0,0,,,,,
tippeji01,1875,1,NH1,NA,41,159,10,25,1,0,0,4,1,0,1,6,,,,,
treacfr01,1875,1,PH3,NA,11,46,9,12,3,0,0,2,1,0,2,0,,,,,
treacfr01,1875,2,PH2,NA,43,179,23,38,3,3,0,15,6,3,1,3,,,,,
trenwge01,1875,1,PH3,NA,10,45,5,8,2,0,0,4,0,0,1,2,,,,,
trenwge01,1875,2,NH1,NA,6,25,1,6,2,0,0,3,0,0,0,1,,,,,
waittch01,1875,1,SL2,NA,30,113,14,23,10,0,0,12,3,2,2,7,,,,,
walkeos01,1875,1,BR2,NA,1,2,0,0,0,0,0,0,0,0,1,0,,,,,
warnefr01,1875,1,PH3,NA,14,57,11,14,4,0,0,2,0,0,1,2,,,,,
waterfr01,1875,1,CH2,NA,5,20,2,6,0,0,0,3,0,1,0,2,,,,,
weavesa01,1875,1,PH2,NA,1,4,1,1,1,0,0,1,0,0,0,0,,,,,
whitede01,1875,1,BS1,NA,80,371,76,136,23,3,1,60,2,3,3,2,,,,,
whitewa01,1875,1,CH2,NA,69,287,37,71,9,0,0,23,5,10,0,3,,,,,
withech01,1875,1,WS6,NA,1,1,0,0,0,0,0,0,0,0,0,0,,,,,
wrighge01,1875,1,BS1,NA,79,408,106,136,20,7,2,61,13,6,2,6,,,,,
wrighha01,1875,1,BS1,NA,1,4,1,1,0,0,0,0,0,0,0,1,,,,,
wrighsa01,1875,1,NH1,NA,33,127,10,24,4,0,0,5,1,0,1,1,,,,,
yorkto01,1875,1,HR1,NA,86,375,68,111,14,7,0,37,7,3,3,6,,,,,
zettlge01,1875,1,CH2,NA,32,133,7,29,0,0,0,9,0,0,0,5,,,,,
zettlge01,1875,2,PH2,NA,21,83,10,15,0,0,0,6,1,0,0,7,,,,,
addybo01,1876,1,CHN,NL,32,142,36,40,4,1,0,16,,,5,0,,,,,
allisar01,1876,1,LS1,NL,31,130,9,27,2,1,0,10,,,2,6,,,,,
allisdo01,1876,1,HAR,NL,44,163,19,43,4,0,0,15,,,3,9,,,,,
andrufr01,1876,1,CHN,NL,8,36,6,11,3,0,0,2,,,0,5,,,,,
ansonca01,1876,1,CHN,NL,66,309,63,110,9,7,2,59,,,12,8,,,,,
barnero01,1876,1,CHN,NL,66,322,126,138,21,14,1,59,,,20,8,,,,,
battijo01,1876,1,SL3,NL,64,283,34,85,11,4,0,46,,,6,6,,,,,
bechtge01,1876,1,LS1,NL,14,55,2,10,1,0,0,2,,,0,1,,,,,
bechtge01,1876,2,NY3,NL,2,10,2,3,0,0,0,0,,,0,0,,,,,
berghjo01,1876,1,PHN,NL,1,4,0,0,0,0,0,0,,,0,2,,,,,
bielaos01,1876,1,CHN,NL,32,139,24,29,3,0,0,10,,,2,3,,,,,
blongjo01,1876,1,SL3,NL,62,264,30,62,7,4,0,30,,,2,9,,,,,
bondto01,1876,1,HAR,NL,45,182,18,50,8,0,0,21,,,0,4,,,,,
bootham01,1876,1,CN1,NL,63,272,31,71,3,0,0,14,,,9,11,,,,,
boothed01,1876,1,NY3,NL,57,228,17,49,2,1,0,7,,,2,4,,,,,
bordejo01,1876,1,BSN,NL,32,121,19,25,3,0,0,7,,,3,3,,,,,
bradlfo01,1876,1,BSN,NL,22,82,12,19,2,1,0,8,,,2,3,,,,,
bradlge01,1876,1,SL3,NL,64,265,29,66,7,6,0,28,,,3,12,,,,,
brownle01,1876,1,BSN,NL,45,195,23,41,6,6,2,21,,,3,22,,,,,
burdoja01,1876,1,HAR,NL,69,309,66,80,9,1,0,23,,,13,16,,,,,
bushodo01,1876,1,PHN,NL,5,21,4,1,0,0,0,1,,,0,0,,,,,
carbijo01,1876,1,LS1,NL,7,25,3,4,0,0,0,1,,,0,0,,,,,
careyto01,1876,1,HAR,NL,68,289,51,78,7,0,0,26,,,3,4,,,,,
cassijo01,1876,1,HAR,NL,12,47,6,13,2,0,0,8,,,1,0,,,,,
chapmja01,1876,1,LS1,NL,17,67,4,16,1,0,0,5,,,1,3,,,,,
clackbo01,1876,1,CN1,NL,32,118,10,19,0,1,0,5,,,5,12,,,,,
clappjo01,1876,1,SL3,NL,64,298,60,91,4,2,0,29,,,8,2,,,,,
clintji01,1876,1,LS1,NL,16,65,8,22,2,0,0,0,,,0,0,,,,,
collida01,1876,1,LS1,NL,7,28,3,4,1,0,0,9,,,0,2,,,,,
coonwi01,1876,1,PHN,NL,54,220,30,50,5,1,0,22,,,2,4,,,,,
cravebi01,1876,1,NY3,NL,56,246,24,55,4,0,0,22,,,2,7,,,,,
cummica01,1876,1,HAR,NL,24,105,14,17,3,0,0,7,,,0,3,,,,,
currepe01,1876,1,PHN,NL,3,12,5,4,1,0,0,2,,,0,0,,,,,
cuthbne01,1876,1,SL3,NL,63,283,46,70,10,1,0,25,,,7,4,,,,,
deando01,1876,1,CN1,NL,34,138,9,36,3,1,0,4,,,2,13,,,,,
dehlmhe01,1876,1,SL3,NL,64,245,40,45,6,0,0,9,,,9,10,,,,,
devliji01,1876,1,LS1,NL,68,298,38,94,14,1,0,28,,,1,11,,,,,
eggleda01,1876,1,PHN,NL,39,174,28,52,4,0,0,19,,,2,4,,,,,
fairge01,1876,1,NY3,NL,1,4,0,0,0,0,0,0,,,0,0,,,,,
fergubo01,1876,1,HAR,NL,69,310,48,82,8,5,0,32,,,2,11,,,,,
fieldsa01,1876,1,CN1,NL,4,14,2,0,0,0,0,0,,,1,3,,,,,
fishech01,1876,1,CN1,NL,35,129,12,32,1,0,0,4,,,0,8,,,,,
fislewe01,1876,1,PHN,NL,59,278,42,80,15,1,1,30,,,2,4,,,,,
foleywi01,1876,1,CN1,NL,58,221,19,50,3,2,0,9,,,0,14,,,,,
forceda01,1876,1,PHN,NL,60,284,48,66,6,0,0,17,,,5,3,,,,,
forceda01,1876,2,NY3,NL,1,3,0,0,0,0,0,0,,,0,0,,,,,
fousebi01,1876,1,PHN,NL,21,89,11,12,0,1,0,2,,,0,0,,,,,
fulmech01,1876,1,LS1,NL,66,267,28,73,9,5,1,29,,,1,10,,,,,
gerhajo01,1876,1,LS1,NL,65,292,33,76,10,3,2,18,,,3,5,,,,,
glennjo01,1876,1,CHN,NL,66,276,55,84,9,2,0,32,,,12,6,,,,,
gouldch01,1876,1,CN1,NL,61,258,27,65,7,0,0,11,,,6,11,,,,,
haguebi01,1876,1,LS1,NL,67,294,31,78,8,0,1,22,,,2,10,,,,,
hallge01,1876,1,PHN,NL,60,268,51,98,7,13,5,45,,,8,4,,,,,
halliji01,1876,1,NY3,NL,54,240,45,67,7,6,2,36,,,2,4,,,,,
harbibi01,1876,1,HAR,NL,30,106,11,23,2,1,0,6,,,3,2,,,,,
hastisc01,1876,1,LS1,NL,67,283,36,73,6,1,0,21,,,5,11,,,,,
hatfijo01,1876,1,NY3,NL,1,4,0,1,0,0,0,1,,,0,0,,,,,
hayesmi01,1876,1,NY3,NL,5,21,1,3,0,2,0,2,,,0,0,,,,,
heubege01,1876,1,NY3,NL,1,4,0,0,0,0,0,0,,,0,0,,,,,
hicksna01,1876,1,NY3,NL,45,188,20,44,4,1,0,15,,,3,4,,,,,
highadi01,1876,1,HAR,NL,67,312,59,102,21,2,0,35,,,2,7,,,,,
hinespa01,1876,1,CHN,NL,64,305,62,101,21,3,2,59,,,1,3,,,,,
holbebi01,1876,1,LS1,NL,12,43,3,11,0,0,0,5,,,0,3,,,,,
holdsji01,1876,1,NY3,NL,52,241,23,64,3,2,0,19,,,1,2,,,,,
jonesch01,1876,1,CN1,NL,64,276,40,79,17,4,4,38,,,7,17,,,,,
kesslhe01,1876,1,CN1,NL,59,248,26,64,5,0,0,11,,,7,10,,,,,
knighlo01,1876,1,PHN,NL,55,240,32,60,9,3,0,24,,,2,2,,,,,
laffefl01,1876,1,PHN,NL,1,3,0,0,0,0,0,0,,,0,0,,,,,
larkite01,1876,1,NY3,NL,1,4,0,0,0,0,0,0,,,0,0,,,,,
leonaan01,1876,1,BSN,NL,64,303,53,85,10,2,0,27,,,4,6,,,,,
mackde01,1876,1,SL3,NL,48,180,32,39,5,0,1,7,,,11,5,,,,,
malonfe01,1876,1,PHN,NL,22,96,14,22,2,0,0,6,,,0,1,,,,,
malonjo01,1876,1,NY3,NL,2,7,1,2,0,1,0,2,,,0,1,,,,,
mannija01,1876,1,BSN,NL,70,288,52,76,13,0,2,25,,,7,5,,,,,
mathebo01,1876,1,NY3,NL,56,218,19,40,4,1,0,9,,,3,2,,,,,
mcbridi01,1876,1,BSN,NL,4,16,2,3,0,0,0,4,,,0,0,,,,,
mcgeami01,1876,1,SL3,NL,61,276,48,72,3,0,0,30,,,2,1,,,,,
mcginti01,1876,1,BSN,NL,9,40,5,6,0,0,0,2,,,0,1,,,,,
mcguijo01,1876,1,NY3,NL,1,4,0,0,0,0,0,0,,,0,0,,,,,
mcveyca01,1876,1,CHN,NL,63,308,62,107,15,0,1,53,,,2,4,,,,,
meyerle01,1876,1,PHN,NL,55,256,46,87,12,8,0,34,,,3,2,,,,,
millsev01,1876,1,HAR,NL,63,254,28,66,8,1,0,23,,,1,3,,,,,
morrijo01,1876,1,BSN,NL,66,278,38,73,5,2,0,26,,,3,5,,,,,
mullejo01,1876,1,PHN,NL,1,3,0,0,0,0,0,0,,,0,0,,,,,
murnati01,1876,1,BSN,NL,69,308,60,87,4,3,2,34,,,8,12,,,,,
nichoal01,1876,1,NY3,NL,57,212,20,38,4,0,0,9,,,2,3,,,,,
nichotr01,1876,1,BSN,NL,1,4,0,0,0,0,0,0,,,0,0,,,,,
orourji01,1876,1,BSN,NL,70,312,61,102,17,3,2,43,,,15,17,,,,,
parksbi01,1876,1,BSN,NL,1,4,0,0,0,0,0,0,,,0,0,,,,,
paullo01,1876,1,PHN,NL,3,12,2,2,1,0,0,0,,,0,0,,,,,
pearcdi01,1876,1,SL3,NL,25,102,12,21,1,0,0,10,,,3,5,,,,,
pearcfr01,1876,1,LS1,NL,1,2,0,0,0,0,0,0,,,0,0,,,,,
peterjo01,1876,1,CHN,NL,66,316,70,111,14,2,1,47,,,3,2,,,,,
phelpne01,1876,1,NY3,NL,1,3,0,0,0,0,0,0,,,0,1,,,,,
phelpne01,1876,2,PHN,NL,1,4,0,0,0,0,0,0,,,0,0,,,,,
piersda01,1876,1,CN1,NL,57,233,33,55,4,1,0,13,,,1,9,,,,,
pikeli01,1876,1,SL3,NL,63,282,55,91,19,10,1,50,,,8,9,,,,,
remseja01,1876,1,HAR,NL,69,324,62,89,12,5,1,30,,,1,15,,,,,
rittewh01,1876,1,PHN,NL,16,52,8,13,3,0,0,4,,,0,2,,,,,
ryanjo01,1876,1,LS1,NL,64,241,32,61,5,1,1,18,,,6,23,,,,,
schafha01,1876,1,BSN,NL,70,286,47,72,11,0,0,35,,,4,11,,,,,
sewarge01,1876,1,NY3,NL,1,3,0,0,0,0,0,0,,,0,0,,,,,
shandji01,1876,1,NY3,NL,2,8,0,1,0,0,0,0,,,0,0,,,,,
snydepo01,1876,1,LS1,NL,56,224,21,44,4,1,1,9,,,2,7,,,,,
snydere01,1876,1,CN1,NL,55,205,10,31,3,1,0,12,,,1,19,,,,,
somered01,1876,1,LS1,NL,64,256,29,48,5,1,0,14,,,1,6,,,,,
spaldal01,1876,1,CHN,NL,66,292,54,91,14,2,0,44,,,6,3,,,,,
startjo01,1876,1,NY3,NL,56,264,40,73,6,0,0,21,,,1,2,,,,,
suttoez01,1876,1,PHN,NL,54,236,45,70,12,7,1,31,,,3,2,,,,,
sweasch01,1876,1,CN1,NL,56,225,18,46,5,2,0,10,,,2,5,,,,,
treacfr01,1876,1,NY3,NL,57,256,47,54,5,1,0,18,,,1,5,,,,,
treacpe01,1876,1,NY3,NL,2,5,1,0,0,0,0,0,,,1,0,,,,,
valenbo01,1876,1,NY3,NL,1,3,0,0,0,0,0,0,,,0,0,,,,,
wardji01,1876,1,PHN,NL,1,4,1,2,0,0,0,1,,,0,1,,,,,
warnefr01,1876,1,PHN,NL,1,3,0,0,0,0,0,0,,,0,0,,,,,
westbi01,1876,1,NY3,NL,1,4,0,0,0,0,0,0,,,0,0,,,,,
whitede01,1876,1,CHN,NL,66,303,66,104,18,1,1,60,,,7,3,,,,,
whitnfr01,1876,1,BSN,NL,34,139,27,33,7,1,0,15,,,1,3,,,,,
willida01,1876,1,CN1,NL,9,35,1,7,0,0,0,1,,,0,4,,,,,
wrighge01,1876,1,BSN,NL,70,335,72,100,18,6,1,34,,,8,9,,,,,
wrighha01,1876,1,BSN,NL,1,3,0,0,0,0,0,0,,,0,1,,,,,
wrighsa01,1876,1,BSN,NL,2,8,0,1,0,0,0,0,,,0,0,,,,,
yorkto01,1876,1,HAR,NL,67,263,47,68,12,7,1,39,,,10,4,,,,,
zettlge01,1876,1,PHN,NL,32,128,11,27,2,1,0,11,,,0,5,,,,,
addybo01,1877,1,CN1,NL,57,245,27,68,2,3,0,31,,,6,5,,,,,
allisdo01,1877,1,HAR,NL,29,115,14,17,2,0,0,6,,,3,7,,,,,
ansonca01,1877,1,CHN,NL,59,255,52,86,19,1,0,32,,,9,3,,,,,
barnero01,1877,1,CHN,NL,22,92,16,25,1,0,0,5,,,7,4,,,,,
bassjo01,1877,1,HAR,NL,1,4,1,1,0,0,0,0,,,0,0,,,,,
battijo01,1877,1,SL3,NL,57,226,28,45,3,7,1,22,,,6,17,,,,,
blongjo01,1877,1,SL3,NL,58,218,17,47,8,3,0,13,,,4,22,,,,,
bondto01,1877,1,BSN,NL,61,259,32,59,4,3,0,30,,,1,15,,,,,
bootham01,1877,1,CN1,NL,44,157,16,27,2,1,0,13,,,12,10,,,,,
bradlge01,1877,1,CHN,NL,55,214,31,52,7,3,0,12,,,6,19,,,,,
brownle01,1877,1,BSN,NL,58,221,27,56,12,8,1,31,,,6,33,,,,,
buncejo01,1877,1,HAR,NL,1,4,0,0,0,0,0,0,,,0,0,,,,,
burdoja01,1877,1,HAR,NL,58,277,35,72,6,0,0,9,,,2,16,,,,,
careyto01,1877,1,HAR,NL,60,274,38,70,3,2,1,20,,,0,9,,,,,
cassijo01,1877,1,HAR,NL,60,251,43,95,10,5,0,27,,,3,3,,,,,
clappjo01,1877,1,SL3,NL,60,255,47,81,6,6,0,34,,,8,6,,,,,
cravebi01,1877,1,LS1,NL,57,238,33,63,5,2,0,29,,,5,11,,,,,
croftar01,1877,1,SL3,NL,54,220,23,51,5,2,0,27,,,1,15,,,,,
crowlbi01,1877,1,LS1,NL,61,238,30,67,9,3,1,23,,,4,13,,,,,
cummica01,1877,1,CN1,NL,19,70,6,14,1,2,0,4,,,4,6,,,,,
cuthbne01,1877,1,CN1,NL,12,56,6,10,5,0,0,2,,,1,2,,,,,
dehlmhe01,1877,1,SL3,NL,32,119,24,22,4,0,0,11,,,7,21,,,,,
devliji01,1877,1,LS1,NL,61,268,38,72,6,3,1,27,,,7,27,,,,,
dorgami01,1877,1,SL3,NL,60,266,45,82,9,7,0,23,,,9,13,,,,,
edench01,1877,1,CHN,NL,15,55,9,12,0,1,0,5,,,3,6,,,,,
eggleda01,1877,1,CHN,NL,33,136,20,36,3,0,0,20,,,1,5,,,,,
fergubo01,1877,1,HAR,NL,58,254,40,65,7,2,0,35,,,3,10,,,,,
fishech01,1877,1,CHN,NL,1,4,0,0,0,0,0,0,,,0,2,,,,,
foleywi01,1877,1,CN1,NL,56,216,23,41,5,1,0,18,,,4,13,,,,,
forceda01,1877,1,SL3,NL,58,225,24,59,5,3,0,22,,,11,15,,,,,
gerhajo01,1877,1,LS1,NL,59,250,41,76,6,5,1,35,,,5,8,,,,,
gleasja01,1877,1,SL3,NL,1,4,0,1,0,0,0,0,,,0,1,,,,,
glennjo01,1877,1,CHN,NL,50,202,31,46,6,1,0,20,,,8,16,,,,,
gouldch01,1877,1,CN1,NL,24,91,5,25,2,1,0,13,,,5,5,,,,,
haguebi01,1877,1,LS1,NL,59,263,38,70,7,1,1,24,,,7,18,,,,,
haldejo01,1877,1,LS1,NL,1,4,0,0,0,0,0,0,,,0,0,,,,,
hallge01,1877,1,LS1,NL,61,269,53,87,15,8,0,26,,,12,19,,,,,
halliji01,1877,1,CN1,NL,16,73,18,27,1,1,0,7,,,1,1,,,,,
halliji01,1877,2,CHN,NL,19,89,17,25,4,1,0,11,,,4,2,,,,,
harbibi01,1877,1,HAR,NL,41,167,18,37,5,2,0,8,,,3,6,,,,,
hastisc01,1877,1,CN1,NL,20,71,7,10,1,0,0,3,,,3,6,,,,,
hicksna01,1877,1,CN1,NL,8,32,3,6,0,0,0,3,,,1,2,,,,,
hinespa01,1877,1,CHN,NL,60,261,44,73,11,7,0,23,,,1,8,,,,,
holdsji01,1877,1,HAR,NL,55,260,26,66,5,2,0,20,,,2,8,,,,,
jonesch01,1877,1,CN1,NL,17,69,16,21,3,3,1,10,0,0,4,8,0,0,0,,
jonesch01,1877,2,CHN,NL,2,8,1,3,1,0,0,2,,,1,0,,,,,
jonesch01,1877,3,CN1,NL,38,163,36,51,8,7,1,26,,,10,17,,,,,
kesslhe01,1877,1,CN1,NL,6,20,0,2,0,0,0,0,,,2,1,,,,,
laffefl01,1877,1,LS1,NL,4,17,2,1,1,0,0,0,,,0,4,,,,,
larkite01,1877,1,HAR,NL,58,228,28,52,6,5,1,18,,,5,23,,,,,
lathaju01,1877,1,LS1,NL,59,278,42,81,10,6,0,22,,,5,6,,,,,
leele01,1877,1,SL3,NL,4,18,0,5,1,0,0,0,,,0,1,,,,,
leonaan01,1877,1,BSN,NL,58,272,46,78,5,0,0,27,,,5,5,,,,,
littlha01,1877,1,SL3,NL,3,12,2,2,0,0,0,0,,,1,6,,,,,
littlha01,1877,2,LS1,NL,1,3,0,0,0,0,0,0,,,1,1,,,,,
loftuto01,1877,1,SL3,NL,3,11,2,2,0,0,0,0,,,0,1,,,,,
malonjo01,1877,1,HAR,NL,1,4,0,1,0,0,0,0,,,0,0,,,,,
mannija01,1877,1,CN1,NL,57,252,47,80,16,7,0,36,,,5,6,,,,,
mathebo01,1877,1,CN1,NL,15,59,5,10,0,0,0,0,,,1,2,,,,,
mcgeami01,1877,1,SL3,NL,57,258,35,65,3,2,0,20,,,2,6,,,,,
mckenpa01,1877,1,SL3,NL,1,5,0,1,0,0,0,0,,,0,1,,,,,
mcveyca01,1877,1,CHN,NL,60,266,58,98,9,7,0,36,,,8,11,,,,,
meyerle01,1877,1,CN1,NL,27,107,11,35,7,2,0,15,,,0,4,,,,,
millege01,1877,1,CN1,NL,11,37,4,6,1,0,0,3,,,5,2,,,,,
mitchbo01,1877,1,CN1,NL,13,49,5,10,3,0,0,5,,,1,2,,,,,
morrijo01,1877,1,BSN,NL,61,242,47,73,5,1,0,28,,,6,15,,,,,
murnati01,1877,1,BSN,NL,35,140,23,39,7,1,1,15,,,6,7,,,,,
newelte01,1877,1,SL3,NL,1,3,0,0,0,0,0,0,,,0,0,,,,,
nichoal01,1877,1,LS1,NL,6,19,1,4,0,1,0,0,,,0,2,,,,,
nichotr01,1877,1,SL3,NL,51,186,22,31,4,2,0,9,,,3,15,,,,,
orourji01,1877,1,BSN,NL,61,265,68,96,14,4,0,23,,,20,9,,,,,
pearcdi01,1877,1,SL3,NL,8,29,1,5,0,0,0,4,,,1,4,,,,,
peterjo01,1877,1,CHN,NL,60,265,45,84,10,3,0,41,,,1,7,,,,,
pikeja01,1877,1,HAR,NL,1,4,0,1,0,0,0,0,,,0,0,,,,,
pikeli01,1877,1,CN1,NL,58,262,45,78,12,4,4,23,,,9,7,,,,,
quinnpa02,1877,1,CHN,NL,4,14,1,1,0,0,0,0,,,1,0,,,,,
redmobi01,1877,1,CN1,NL,3,12,1,3,1,0,0,3,,,1,1,,,,,
reisla01,1877,1,CHN,NL,4,16,3,2,0,0,0,1,,,0,0,,,,,
remseja01,1877,1,SL3,NL,33,123,14,32,3,4,0,13,,,4,3,,,,,
roweda01,1877,1,CHN,NL,2,7,0,2,0,0,0,0,,,0,3,,,,,
ryanjo01,1877,1,CN1,NL,6,26,2,4,0,1,0,2,,,1,5,,,,,
schafha01,1877,1,BSN,NL,33,141,20,39,5,2,0,13,,,0,7,,,,,
shaffor01,1877,1,LS1,NL,61,260,38,74,9,5,3,34,,,9,17,,,,,
smithha01,1877,1,CHN,NL,24,94,7,19,1,0,0,3,,,4,6,,,,,
smithha01,1877,2,CN1,NL,10,36,4,9,2,1,0,3,,,1,5,,,,,
snydepo01,1877,1,LS1,NL,61,248,23,64,7,2,2,28,,,3,14,,,,,
spaldal01,1877,1,CHN,NL,60,254,29,65,7,6,0,35,,,3,16,,,,,
startjo01,1877,1,HAR,NL,60,271,55,90,3,6,1,21,,,6,2,,,,,
sullich01,1877,1,CN1,NL,8,32,4,8,0,0,0,4,,,1,0,,,,,
suttoez01,1877,1,BSN,NL,58,253,43,74,10,6,0,39,,,4,10,,,,,
tayloli01,1877,1,HAR,NL,2,8,0,3,0,0,0,0,,,0,2,,,,,
waittch01,1877,1,CHN,NL,10,41,2,4,0,0,0,2,,,0,3,,,,,
whitede01,1877,1,BSN,NL,59,266,51,103,14,11,2,49,,,8,3,,,,,
whitewi01,1877,1,BSN,NL,3,15,4,3,0,0,0,1,,,0,1,,,,,
wrighge01,1877,1,BSN,NL,61,290,58,80,15,1,0,35,,,9,15,,,,,
wrighha01,1877,1,BSN,NL,1,4,0,0,0,0,0,0,,,0,1,,,,,
yorkto01,1877,1,HAR,NL,56,237,43,67,16,7,1,37,,,3,11,,,,,
allisdo01,1878,1,PRO,NL,19,76,9,22,2,0,0,7,,,1,8,,,,,
ansonca01,1878,1,CHN,NL,60,261,55,89,12,2,0,40,,,13,1,,,,,
bennech01,1878,1,ML2,NL,49,184,16,45,9,0,1,12,,,10,26,,,,,
blissfr01,1878,1,ML2,NL,2,8,1,1,0,0,0,0,,,0,0,,,,,
bondto01,1878,1,BSN,NL,59,236,22,50,4,1,0,23,,,0,9,,,,,
brownle01,1878,1,PRO,NL,58,243,44,74,21,6,1,43,,,7,37,,,,,
burdoja01,1878,1,BSN,NL,60,246,37,64,12,6,0,25,,,3,17,,,,,
careyto01,1878,1,PRO,NL,61,253,33,60,10,3,0,24,,,0,14,,,,,
cassijo01,1878,1,CHN,NL,60,256,33,68,7,1,0,29,,,9,11,,,,,
clappjo01,1878,1,IN1,NL,63,263,42,80,10,2,0,29,,,13,8,,,,,
coreyfr01,1878,1,PRO,NL,7,21,3,3,0,0,0,1,,,0,2,,,,,
creamge01,1878,1,ML2,NL,50,193,30,41,7,3,0,15,,,5,15,,,,,
croftar01,1878,1,IN1,NL,60,222,22,35,6,0,0,16,,,5,23,,,,,
dalryab01,1878,1,ML2,NL,61,271,52,96,10,4,0,15,,,6,29,,,,,
dickebu01,1878,1,CN1,NL,29,123,17,38,5,1,0,9,,,0,7,,,,,
ellicjo01,1878,1,ML2,NL,3,13,2,2,0,0,0,1,,,0,1,,,,,
fergubo01,1878,1,CHN,NL,61,259,44,91,10,2,0,39,,,10,12,,,,,
fishech01,1878,1,PRO,NL,1,3,0,0,0,0,0,0,,,0,0,,,,,
flintsi01,1878,1,IN1,NL,63,254,23,57,7,0,0,18,,,2,15,,,,,
foleywi01,1878,1,ML2,NL,56,229,33,62,8,5,0,22,,,7,14,,,,,
geerbi01,1878,1,CN1,NL,61,237,31,52,13,2,0,20,,,10,18,,,,,
gerhajo01,1878,1,CN1,NL,60,259,46,77,7,2,0,28,,,7,14,,,,,
goldemi01,1878,1,ML2,NL,55,214,16,44,6,3,0,20,,,3,35,,,,,
goodmja01,1878,1,ML2,NL,60,252,28,62,4,3,1,27,,,7,33,,,,,
haguebi01,1878,1,PRO,NL,62,250,21,51,3,0,0,25,,,5,34,,,,,
halliji01,1878,1,CHN,NL,16,67,14,19,3,0,0,2,,,5,6,,,,,
halliji01,1878,2,IN1,NL,3,12,0,3,2,0,0,1,,,0,2,,,,,
hankifr01,1878,1,CHN,NL,58,240,38,64,8,3,1,27,,,5,36,,,,,
harbibi01,1878,1,CHN,NL,54,240,32,71,12,0,0,37,,,6,13,,,,,
healeto01,1878,1,PRO,NL,3,9,0,2,1,0,0,2,,,0,4,,,,,
healeto01,1878,2,IN1,NL,12,45,2,8,1,0,0,4,,,0,14,,,,,
highadi01,1878,1,PRO,NL,62,281,60,90,22,1,1,29,,,5,16,,,,,
hinespa01,1878,1,PRO,NL,62,257,42,92,13,4,4,50,,,2,10,,,,,
holbebi01,1878,1,ML2,NL,45,173,10,32,2,0,0,12,,,3,14,,,,,
jennial01,1878,1,ML2,NL,1,2,0,0,0,0,0,0,,,1,0,,,,,
jonesch01,1878,1,CN1,NL,61,261,50,81,11,7,3,39,,,4,17,,,,,
kellyki01,1878,1,CN1,NL,60,237,29,67,7,1,0,27,,,7,7,,,,,
knowdja01,1878,1,ML2,NL,4,14,2,3,1,0,0,2,,,0,3,,,,,
larkite01,1878,1,CHN,NL,58,226,33,65,9,4,0,32,,,17,17,,,,,
leonaan01,1878,1,BSN,NL,60,262,41,68,8,5,0,16,,,3,19,,,,,
mannija01,1878,1,BSN,NL,60,248,41,63,10,1,0,23,,,10,16,,,,,
mcclebi01,1878,1,CHN,NL,48,205,26,46,6,1,0,29,,,2,13,,,,,