playerID,yearID,stint,teamID,lgID,POS,G,GS,InnOuts,PO,A,E,DP,PB,WP,SB,CS,ZR
abercda01,1871,1,TRO,NA,SS,1,,,1,3,2,0,,,,,
addybo01,1871,1,RC1,NA,2B,22,,,67,72,42,5,,,,,
addybo01,1871,1,RC1,NA,SS,3,,,8,14,7,0,,,,,
allisar01,1871,1,CL1,NA,2B,2,,,1,4,0,0,,,,,
allisar01,1871,1,CL1,NA,OF,29,,,51,3,7,1,,,,,
allisdo01,1871,1,WS3,NA,C,27,,,68,15,20,4,0,,,,
ansonca01,1871,1,RC1,NA,1B,1,,,7,0,0,0,,,,,
ansonca01,1871,1,RC1,NA,2B,2,,,3,4,1,0,,,,,
ansonca01,1871,1,RC1,NA,3B,20,,,38,52,28,2,,,,,
ansonca01,1871,1,RC1,NA,C,5,,,10,0,8,0,0,,,,
ansonca01,1871,1,RC1,NA,OF,1,,,0,0,0,0,,,,,
armstbo01,1871,1,FW1,NA,OF,12,,,29,2,7,0,,,,,
barkeal01,1871,1,RC1,NA,OF,1,,,2,0,0,0,,,,,
barnero01,1871,1,BS1,NA,2B,16,,,42,61,15,10,,,,,
barnero01,1871,1,BS1,NA,SS,15,,,44,64,21,3,,,,,
barrebi01,1871,1,FW1,NA,3B,1,,,1,0,0,0,,,,,
barrebi01,1871,1,FW1,NA,C,1,,,8,0,0,0,0,,,,
barrofr01,1871,1,BS1,NA,2B,1,,,2,0,1,0,,,,,
barrofr01,1871,1,BS1,NA,OF,17,,,28,1,6,0,,,,,
bassjo01,1871,1,CL1,NA,C,1,,,4,0,1,0,0,,,,
bassjo01,1871,1,CL1,NA,SS,22,,,41,61,29,3,,,,,
battijo01,1871,1,CL1,NA,OF,1,,,1,0,0,0,,,,,
bealsto01,1871,1,WS3,NA,2B,2,,,9,7,0,1,,,,,
bealsto01,1871,1,WS3,NA,OF,8,,,20,1,6,0,,,,,
beaveed01,1871,1,TRO,NA,2B,3,,,8,10,4,2,,,,,
bechtge01,1871,1,PH1,NA,3B,3,,,3,3,2,0,,,,,
bechtge01,1871,1,PH1,NA,OF,15,,,21,2,5,1,,,,,
bechtge01,1871,1,PH1,NA,P,3,,,1,7,0,0,,,,,
bellast01,1871,1,TRO,NA,3B,28,,,48,49,39,4,,,,,
bellast01,1871,1,TRO,NA,SS,1,,,1,4,0,0,,,,,
berkena01,1871,1,PH1,NA,OF,1,,,3,0,0,0,,,,,
berryto01,1871,1,PH1,NA,OF,1,,,0,0,1,0,,,,,
berthha01,1871,1,WS3,NA,2B,5,,,16,10,7,1,,,,,
berthha01,1871,1,WS3,NA,C,1,,,0,0,1,0,0,,,,
berthha01,1871,1,WS3,NA,OF,12,,,29,0,7,0,,,,,
biermch01,1871,1,FW1,NA,1B,1,,,9,0,2,0,,,,,
birdge01,1871,1,RC1,NA,OF,25,,,32,2,11,0,,,,,
birdsda01,1871,1,BS1,NA,C,7,,,9,6,2,0,0,,,,
birdsda01,1871,1,BS1,NA,OF,27,,,27,3,9,1,,,,,
brainas01,1871,1,WS3,NA,P,30,,,18,28,8,1,,,,,
brannmi01,1871,1,CH1,NA,3B,3,,,3,2,5,0,,,,,
burrohe01,1871,1,WS3,NA,2B,1,,,1,0,1,0,,,,,
burrohe01,1871,1,WS3,NA,3B,5,,,10,11,9,0,,,,,
burrohe01,1871,1,WS3,NA,OF,8,,,11,1,5,0,,,,,
careyto01,1871,1,FW1,NA,2B,19,,,58,50,18,5,,,,,
carleji01,1871,1,CL1,NA,1B,29,,,295,4,34,10,,,,,
conefr01,1871,1,BS1,NA,OF,18,,,39,2,7,0,,,,,
connone01,1871,1,TRO,NA,1B,4,,,35,1,5,1,,,,,
connone01,1871,1,TRO,NA,OF,3,,,4,1,4,0,,,,,
cravebi01,1871,1,TRO,NA,1B,2,,,18,1,1,1,,,,,
cravebi01,1871,1,TRO,NA,2B,18,,,57,50,16,11,,,,,
cravebi01,1871,1,TRO,NA,C,3,,,10,4,1,0,0,,,,
cravebi01,1871,1,TRO,NA,OF,1,,,0,0,0,0,,,,,
cravebi01,1871,1,TRO,NA,SS,4,,,6,12,4,3,,,,,
cuthbne01,1871,1,PH1,NA,C,1,,,2,1,1,0,0,,,,
cuthbne01,1871,1,PH1,NA,OF,27,,,78,3,10,0,,,,,
deaneha01,1871,1,FW1,NA,OF,6,,,21,0,0,0,,,,,
donnepe01,1871,1,FW1,NA,3B,2,,,1,1,8,0,,,,,
donnepe01,1871,1,FW1,NA,OF,9,,,5,0,2,0,,,,,
duffyed01,1871,1,CH1,NA,3B,1,,,0,0,1,0,,,,,
duffyed01,1871,1,CH1,NA,SS,26,,,42,90,44,5,,,,,
eggleda01,1871,1,NY2,NA,OF,33,,,88,3,9,1,,,,,
ewellge01,1871,1,CL1,NA,OF,1,,,1,0,0,0,,,,,
fergubo01,1871,1,NY2,NA,2B,11,,,29,22,13,4,,,,,
fergubo01,1871,1,NY2,NA,3B,20,,,31,58,26,3,,,,,
fergubo01,1871,1,NY2,NA,C,5,,,19,0,4,0,0,,,,
fergubo01,1871,1,NY2,NA,P,1,,,0,0,0,0,,,,,
fishech01,1871,1,RC1,NA,1B,2,,,12,0,1,0,,,,,
fishech01,1871,1,RC1,NA,2B,1,,,1,1,1,0,,,,,
fishech01,1871,1,RC1,NA,P,24,,,22,54,6,3,,,,,
fislewe01,1871,1,PH1,NA,1B,26,,,240,1,7,9,,,,,
fislewe01,1871,1,PH1,NA,2B,2,,,6,2,2,0,,,,,
fleetfr01,1871,1,NY2,NA,P,1,,,0,5,0,0,,,,,
flowedi01,1871,1,TRO,NA,2B,1,,,1,4,2,0,,,,,
flowedi01,1871,1,TRO,NA,P,1,,,0,0,0,0,,,,,
flowedi01,1871,1,TRO,NA,SS,20,,,28,72,30,8,,,,,
flynncl01,1871,1,TRO,NA,1B,19,,,183,8,9,12,,,,,
flynncl01,1871,1,TRO,NA,2B,1,,,2,3,2,0,,,,,
flynncl01,1871,1,TRO,NA,3B,1,,,2,4,2,0,,,,,
flynncl01,1871,1,TRO,NA,OF,8,,,16,2,7,2,,,,,
foleyto01,1871,1,CH1,NA,3B,1,,,2,1,1,0,,,,,
foleyto01,1871,1,CH1,NA,C,4,,,13,1,8,0,0,,,,
foleyto01,1871,1,CH1,NA,OF,16,,,18,1,11,0,,,,,
foranji01,1871,1,FW1,NA,1B,16,,,111,4,16,2,,,,,
foranji01,1871,1,FW1,NA,OF,4,,,11,1,2,0,,,,,
forceda01,1871,1,WS3,NA,3B,1,,,2,2,1,0,,,,,
forceda01,1871,1,WS3,NA,SS,31,,,46,159,38,7,,,,,
fulmech01,1871,1,RC1,NA,1B,1,,,9,0,0,0,,,,,
fulmech01,1871,1,RC1,NA,SS,16,,,29,65,28,4,,,,,
glennjo01,1871,1,WS3,NA,OF,26,,,34,3,6,2,,,,,
goldswa01,1871,1,FW1,NA,3B,8,,,10,5,14,0,,,,,
goldswa01,1871,1,FW1,NA,C,2,,,4,0,4,0,0,,,,
goldswa01,1871,1,FW1,NA,SS,14,,,27,29,17,1,,,,,
gouldch01,1871,1,BS1,NA,1B,30,,,343,3,36,21,,,,,
gouldch01,1871,1,BS1,NA,OF,1,,,2,0,1,0,,,,,
hallge01,1871,1,WS3,NA,OF,32,,,92,3,9,0,,,,,
halliji01,1871,1,FW1,NA,SS,5,,,8,11,21,0,,,,,
hamra01,1871,1,RC1,NA,3B,7,,,5,6,13,0,,,,,
hamra01,1871,1,RC1,NA,OF,19,,,29,5,13,1,,,,,
hamra01,1871,1,RC1,NA,SS,2,,,2,8,4,1,,,,,
hastisc01,1871,1,RC1,NA,1B,1,,,4,0,1,0,,,,,
hastisc01,1871,1,RC1,NA,2B,2,,,4,5,1,0,,,,,
hastisc01,1871,1,RC1,NA,C,23,,,77,18,16,3,0,,,,
hastisc01,1871,1,RC1,NA,OF,2,,,1,0,0,0,,,,,
hatfijo01,1871,1,NY2,NA,2B,7,,,22,16,6,2,,,,,
hatfijo01,1871,1,NY2,NA,3B,2,,,4,4,5,0,,,,,
hatfijo01,1871,1,NY2,NA,OF,24,,,79,2,14,0,,,,,
heubege01,1871,1,PH1,NA,1B,1,,,6,0,0,0,,,,,
heubege01,1871,1,PH1,NA,OF,16,,,22,3,8,0,,,,,
highadi01,1871,1,NY2,NA,2B,12,,,29,30,20,3,,,,,
highadi01,1871,1,NY2,NA,C,1,,,6,0,2,0,0,,,,
highadi01,1871,1,NY2,NA,OF,8,,,14,0,4,0,,,,,
hodesch01,1871,1,CH1,NA,3B,10,,,10,27,23,1,,,,,
hodesch01,1871,1,CH1,NA,C,20,,,64,18,21,2,0,,,,
hodesch01,1871,1,CH1,NA,OF,4,,,2,0,0,0,,,,,
hodesch01,1871,1,CH1,NA,SS,1,,,1,1,0,0,,,,,
jackssa01,1871,1,BS1,NA,2B,14,,,38,43,18,1,,,,,
jackssa01,1871,1,BS1,NA,OF,1,,,0,0,0,0,,,,,
jackssa01,1871,1,BS1,NA,SS,1,,,0,0,1,0,,,,,
johnsca01,1871,1,CL1,NA,2B,10,,,30,23,19,3,,,,,
johnsca01,1871,1,CL1,NA,OF,6,,,5,0,3,0,,,,,
kellybi01,1871,1,FW1,NA,OF,18,,,34,1,7,1,,,,,
kimbage01,1871,1,CL1,NA,2B,17,,,49,35,29,3,,,,,
kimbage01,1871,1,CL1,NA,3B,2,,,1,2,2,0,,,,,
kimbage01,1871,1,CL1,NA,OF,9,,,13,1,5,1,,,,,
kimbage01,1871,1,CL1,NA,SS,6,,,8,17,8,0,,,,,
kingma01,1871,1,CH1,NA,3B,1,,,1,1,0,0,,,,,
kingma01,1871,1,CH1,NA,C,9,,,22,5,8,0,0,,,,
kingma01,1871,1,CH1,NA,OF,11,,,11,0,3,0,,,,,
kingma01,1871,1,CH1,NA,SS,3,,,1,15,6,0,,,,,
kingst01,1871,1,TRO,NA,OF,29,,,69,6,15,0,,,,,
kohlehe01,1871,1,FW1,NA,1B,2,,,17,0,1,0,,,,,
kohlehe01,1871,1,FW1,NA,3B,1,,,4,0,1,0,,,,,
kohlehe01,1871,1,FW1,NA,C,2,,,0,0,0,0,0,,,,
lennobi01,1871,1,FW1,NA,C,12,,,43,4,6,0,0,,,,
lennobi01,1871,1,FW1,NA,OF,1,,,0,0,1,0,,,,,
lennobi01,1871,1,FW1,NA,SS,2,,,1,4,7,1,,,,,
leonaan01,1871,1,WS3,NA,2B,19,,,51,50,16,6,,,,,
leonaan01,1871,1,WS3,NA,OF,11,,,16,3,9,0,,,,,
leonaan01,1871,1,WS3,NA,SS,1,,,2,3,2,0,,,,,
mackde01,1871,1,RC1,NA,1B,24,,,271,6,19,11,,,,,
mackde01,1871,1,RC1,NA,OF,1,,,1,0,0,0,,,,,
mackde01,1871,1,RC1,NA,P,3,,,1,2,0,0,,,,,
mackde01,1871,1,RC1,NA,SS,1,,,1,2,1,0,,,,,
malonfe01,1871,1,PH1,NA,C,27,,,122,32,26,2,0,,,,
mathebo01,1871,1,FW1,NA,P,19,,,19,23,8,2,,,,,
mcatebu01,1871,1,CH1,NA,1B,26,,,276,5,17,14,,,,,
mcbridi01,1871,1,PH1,NA,P,25,,,20,33,7,2,,,,,
mcderjo01,1871,1,FW1,NA,OF,2,,,0,1,1,0,,,,,
mcgeami01,1871,1,TRO,NA,C,26,,,82,22,12,2,0,,,,
mcgeami01,1871,1,TRO,NA,SS,3,,,9,9,4,0,,,,,
mcmuljo01,1871,1,TRO,NA,P,29,,,11,43,8,1,,,,,
mcmuljo01,1871,1,TRO,NA,SS,1,,,0,1,0,1,,,,,
mcveyca01,1871,1,BS1,NA,3B,1,,,0,0,0,0,,,,,
mcveyca01,1871,1,BS1,NA,C,29,,,105,12,17,1,0,,,,
mcveyca01,1871,1,BS1,NA,OF,5,,,2,0,1,0,,,,,
meyerle01,1871,1,PH1,NA,3B,26,,,43,39,45,1,,,,,
meyerle01,1871,1,PH1,NA,P,1,,,0,1,0,0,,,,,
millsch01,1871,1,NY2,NA,3B,1,,,1,0,0,0,,,,,
millsch01,1871,1,NY2,NA,C,29,,,110,19,20,1,0,,,,
millsch01,1871,1,NY2,NA,OF,4,,,1,0,0,0,,,,,
millsev01,1871,1,WS3,NA,1B,32,,,343,5,12,16,,,,,
minched01,1871,1,FW1,NA,OF,9,,,23,0,4,0,,,,,
nortofr01,1871,1,WS3,NA,3B,1,,,0,0,1,0,,,,,
nortofr01,1871,1,WS3,NA,OF,1,,,0,0,0,0,,,,,
paborch01,1871,1,CL1,NA,OF,28,,,31,3,10,0,,,,,
paborch01,1871,1,CL1,NA,P,7,,,2,7,2,0,,,,,
patteda01,1871,1,NY2,NA,2B,2,,,1,5,0,1,,,,,
patteda01,1871,1,NY2,NA,OF,31,,,40,2,9,0,,,,,
pearcdi01,1871,1,NY2,NA,SS,33,,,27,115,37,8,,,,,
phelpne01,1871,1,FW1,NA,1B,1,,,8,0,1,1,,,,,
pikeli01,1871,1,TRO,NA,1B,4,,,44,0,5,3,,,,,
pikeli01,1871,1,TRO,NA,2B,7,,,24,16,9,2,,,,,
pikeli01,1871,1,TRO,NA,OF,18,,,31,3,6,0,,,,,
pinkhed01,1871,1,CH1,NA,3B,18,,,30,56,28,1,,,,,
pinkhed01,1871,1,CH1,NA,OF,8,,,13,1,3,0,,,,,
pinkhed01,1871,1,CH1,NA,P,3,,,0,2,1,0,,,,,
prattal01,1871,1,CL1,NA,OF,7,,,3,0,1,0,,,,,
prattal01,1871,1,CL1,NA,P,28,,,22,44,9,3,,,,,
prattto01,1871,1,PH1,NA,1B,1,,,11,0,3,0,,,,,
questjo01,1871,1,CL1,NA,2B,2,,,2,6,6,0,,,,,
questjo01,1871,1,CL1,NA,SS,1,,,1,0,1,0,,,,,
quinnpa02,1871,1,FW1,NA,C,5,,,21,6,1,0,0,,,,
radcljo01,1871,1,PH1,NA,SS,28,,,40,116,38,5,,,,,
reachal01,1871,1,PH1,NA,2B,26,,,83,68,28,10,,,,,
sagerpo01,1871,1,RC1,NA,OF,4,,,4,0,2,0,,,,,
sagerpo01,1871,1,RC1,NA,SS,4,,,5,13,10,0,,,,,
schafha01,1871,1,BS1,NA,3B,31,,,49,79,59,7,,,,,
selmafr01,1871,1,FW1,NA,3B,14,,,24,8,13,2,,,,,
selmafr01,1871,1,FW1,NA,C,5,,,9,2,0,0,0,,,,
selmafr01,1871,1,FW1,NA,SS,2,,,1,6,1,1,,,,,
senseco01,1871,1,PH1,NA,OF,25,,,46,2,11,1,,,,,
simmojo01,1871,1,CH1,NA,1B,2,,,18,0,2,0,,,,,
simmojo01,1871,1,CH1,NA,OF,25,,,41,1,5,0,,,,,
smithch01,1871,1,NY2,NA,2B,3,,,6,5,4,2,,,,,
smithch01,1871,1,NY2,NA,3B,12,,,27,26,24,1,,,,,
spaldal01,1871,1,BS1,NA,OF,9,,,3,0,0,0,,,,,
spaldal01,1871,1,BS1,NA,P,31,,,11,48,17,2,,,,,
startjo01,1871,1,NY2,NA,1B,33,,,334,2,29,11,,,,,
stearbi01,1871,1,WS3,NA,P,2,,,0,5,1,0,,,,,
stirega01,1871,1,RC1,NA,OF,25,,,33,3,7,0,,,,,
suttoez01,1871,1,CL1,NA,3B,29,,,40,53,24,3,,,,,
suttoez01,1871,1,CL1,NA,C,1,,,0,0,1,0,0,,,,
suttoez01,1871,1,CL1,NA,OF,2,,,1,0,0,0,,,,,
sweasch01,1871,1,WS3,NA,2B,5,,,13,13,7,0,,,,,
treacfr01,1871,1,CH1,NA,OF,25,,,71,7,7,1,,,,,
waterfr01,1871,1,WS3,NA,3B,28,,,47,67,50,6,,,,,
waterfr01,1871,1,WS3,NA,C,6,,,17,5,2,0,0,,,,
whitede01,1871,1,CL1,NA,2B,1,,,2,0,0,0,,,,,
whitede01,1871,1,CL1,NA,3B,1,,,0,1,0,0,,,,,
whitede01,1871,1,CL1,NA,C,29,,,136,20,34,3,0,,,,
whitede01,1871,1,CL1,NA,OF,1,,,0,0,0,0,,,,,
whitede01,1871,1,CL1,NA,SS,2,,,0,3,2,0,,,,,
whiteel01,1871,1,CL1,NA,C,3,,,5,3,2,0,0,,,,
whiteel01,1871,1,CL1,NA,OF,15,,,17,1,5,0,,,,,
whitewa01,1871,1,WS3,NA,2B,1,,,1,1,0,0,,,,,
woltery01,1871,1,NY2,NA,3B,1,,,0,2,1,0,,,,,
woltery01,1871,1,NY2,NA,P,32,,,11,40,8,1,,,,,
woodji01,1871,1,CH1,NA,2B,28,,,105,83,24,11,,,,,
wrighge01,1871,1,BS1,NA,1B,1,,,9,1,0,1,,,,,
wrighge01,1871,1,BS1,NA,SS,15,,,32,61,21,8,,,,,
wrighha01,1871,1,BS1,NA,OF,30,,,42,5,8,1,,,,,
wrighha01,1871,1,BS1,NA,P,9,,,1,5,1,0,,,,,
wrighha01,1871,1,BS1,NA,SS,1,,,0,3,2,0,,,,,
yorkto01,1871,1,TRO,NA,OF,29,,,60,5,11,2,,,,,
zettlge01,1871,1,CH1,NA,OF,3,,,1,0,1,0,,,,,
zettlge01,1871,1,CH1,NA,P,28,,,8,41,10,2,,,,,
allenha01,1872,1,MID,NA,OF,9,,,10,5,5,1,,,,,
allenha01,1872,1,MID,NA,SS,8,,,6,31,8,0,,,,,
allisan01,1872,1,BR1,NA,1B,22,,,229,2,22,5,,,,,
allisan01,1872,1,BR1,NA,OF,1,,,0,0,2,0,,,,,
allisar01,1872,1,CL1,NA,OF,19,,,39,2,10,1,,,,,
allisbi01,1872,1,BR1,NA,1B,2,,,24,0,2,0,,,,,
allisbi01,1872,1,BR1,NA,2B,1,,,1,4,2,0,,,,,
allisbi01,1872,1,BR1,NA,OF,2,,,2,0,3,0,,,,,
allisdo01,1872,1,TRO,NA,C,22,,,107,23,15,2,0,,,,
allisdo01,1872,2,BR1,NA,C,18,,,64,8,14,0,0,,,,
allisdo01,1872,1,TRO,NA,SS,1,,,1,2,0,0,,,,,
ansonca01,1872,1,PH1,NA,3B,46,,,89,84,57,5,,,,,
arnolbi01,1872,1,MID,NA,OF,2,,,1,0,0,0,,,,,
barloto01,1872,1,BR2,NA,3B,1,,,0,0,0,0,,,,,
barloto01,1872,1,BR2,NA,C,36,,,92,48,44,1,0,,,,
barloto01,1872,1,BR2,NA,SS,4,,,1,4,1,0,,,,,
barnero01,1872,1,BS1,NA,2B,45,,,138,162,33,30,,,,,
barre01,1872,1,BR2,NA,OF,8,,,21,0,5,0,,,,,
barrebi01,1872,1,WS3,NA,C,1,,,2,0,3,0,0,,,,
bassjo01,1872,1,BR2,NA,OF,2,,,2,0,2,0,,,,,
bealsto01,1872,1,WS3,NA,2B,5,,,11,18,5,2,,,,,
bealsto01,1872,1,WS3,NA,OF,2,,,0,0,2,0,,,,,
bealsto01,1872,1,WS3,NA,SS,2,,,3,8,4,0,,,,,
beaveed01,1872,1,BR2,NA,2B,10,,,17,24,19,2,,,,,
beaveed01,1872,1,BR2,NA,OF,1,,,0,0,1,0,,,,,
beaveed01,1872,1,BR2,NA,SS,1,,,1,2,2,0,,,,,
bechtge01,1872,1,NY2,NA,1B,1,,,6,0,3,0,,,,,
bechtge01,1872,1,NY2,NA,OF,50,,,75,4,17,1,,,,,
bellast01,1872,1,TRO,NA,3B,8,,,14,15,11,1,,,,,
bellast01,1872,1,TRO,NA,OF,6,,,10,2,3,0,,,,,
bellast01,1872,1,TRO,NA,SS,9,,,12,21,16,0,,,,,
bentlcy01,1872,1,MID,NA,OF,7,,,12,1,1,1,,,,,
bentlcy01,1872,1,MID,NA,P,18,,,8,42,9,2,,,,,
besti01,1872,1,BR1,NA,C,4,,,14,3,5,0,0,,,,
bielaos01,1872,1,WS4,NA,OF,10,,,14,0,5,0,,,,,
birdsda01,1872,1,BS1,NA,C,12,,,44,13,11,0,0,,,,
birdsda01,1872,1,BS1,NA,OF,8,,,5,0,1,0,,,,,
boothed01,1872,1,MID,NA,2B,20,,,63,60,38,4,,,,,
boothed01,1872,2,BR2,NA,2B,1,,,2,5,1,1,,,,,
boothed01,1872,1,MID,NA,OF,4,,,5,1,0,0,,,,,
boothed01,1872,2,BR2,NA,OF,14,,,16,3,5,0,,,,,
boydbi01,1872,1,NY2,NA,3B,34,,,53,63,43,2,,,,,
boydbi01,1872,1,NY2,NA,OF,1,,,2,0,0,0,,,,,
brainas01,1872,2,MID,NA,2B,4,,,7,8,7,0,,,,,
brainas01,1872,2,MID,NA,OF,1,,,0,0,0,0,,,,,
brainas01,1872,1,WS3,NA,P,9,,,1,9,6,0,,,,,
brainas01,1872,2,MID,NA,P,2,,,0,2,0,0,,,,,
brittji01,1872,1,BR2,NA,P,37,,,13,53,17,1,,,,,
brownol01,1872,1,BR2,NA,OF,4,,,8,0,1,0,,,,,
burdoja01,1872,1,BR2,NA,2B,2,,,3,3,0,0,,,,,
burdoja01,1872,1,BR2,NA,C,4,,,3,4,2,0,0,,,,
burdoja01,1872,1,BR2,NA,SS,36,,,49,114,58,2,,,,,
burrohe01,1872,1,WS3,NA,OF,2,,,4,1,3,0,,,,,
buttefr01,1872,1,MID,NA,3B,5,,,8,17,8,0,,,,,
buttefr01,1872,1,MID,NA,OF,8,,,3,0,2,0,,,,,
buttefr01,1872,1,MID,NA,P,7,,,1,3,1,0,,,,,
careyto01,1872,1,BL1,NA,1B,1,,,5,0,1,0,,,,,
careyto01,1872,1,BL1,NA,2B,29,,,79,44,28,3,,,,,
careyto01,1872,1,BL1,NA,3B,3,,,4,2,4,0,,,,,
careyto01,1872,1,BL1,NA,OF,3,,,4,0,3,0,,,,,
careyto01,1872,1,BL1,NA,SS,9,,,11,19,12,0,,,,,
carleji01,1872,1,CL1,NA,1B,7,,,61,4,3,4,,,,,
clappjo01,1872,1,MID,NA,C,19,,,64,28,15,1,0,,,,
clappjo01,1872,1,MID,NA,OF,1,,,1,0,0,0,,,,,
clappjo01,1872,1,MID,NA,SS,2,,,0,5,1,2,,,,,
clarede01,1872,1,BR2,NA,2B,2,,,0,6,1,0,,,,,
clarede01,1872,1,BR2,NA,SS,1,,,1,0,4,0,,,,,
clintji01,1872,1,BR1,NA,2B,3,,,9,4,6,0,,,,,
clintji01,1872,1,BR1,NA,3B,10,,,16,24,17,0,,,,,
clintji01,1872,1,BR1,NA,C,2,,,3,0,2,0,0,,,,
clintji01,1872,1,BR1,NA,OF,11,,,18,1,5,0,,,,,
clintji01,1872,1,BR1,NA,SS,2,,,2,6,5,0,,,,,
coughde01,1872,1,WS4,NA,1B,1,,,2,0,1,0,,,,,
coughde01,1872,1,WS4,NA,2B,1,,,0,4,2,0,,,,,
coughde01,1872,1,WS4,NA,OF,5,,,15,1,1,1,,,,,
coughde01,1872,1,WS4,NA,SS,1,,,2,3,3,0,,,,,
cravebi01,1872,1,BL1,NA,2B,2,,,5,8,4,0,,,,,
cravebi01,1872,1,BL1,NA,3B,2,,,2,2,5,0,,,,,
cravebi01,1872,1,BL1,NA,C,27,,,166,26,28,4,0,,,,
cravebi01,1872,1,BL1,NA,OF,4,,,0,0,1,0,,,,,
cummica01,1872,1,NY2,NA,OF,2,,,0,0,2,0,,,,,
cummica01,1872,1,NY2,NA,P,55,,,20,61,9,3,,,,,
cuthbne01,1872,1,PH1,NA,OF,47,,,95,2,16,0,,,,,
dehlmhe01,1872,1,BR2,NA,1B,37,,,459,4,36,9,,,,,
doschhe01,1872,1,BR2,NA,OF,6,,,9,1,3,0,,,,,
doylejo01,1872,1,WS4,NA,2B,1,,,2,0,3,0,,,,,
doylejo01,1872,1,WS4,NA,SS,8,,,14,22,18,0,,,,,
eggleda01,1872,1,NY2,NA,OF,56,,,154,12,14,2,,,,,
fergubo01,1872,1,BR2,NA,3B,37,,,84,178,62,7,,,,,
fergubo01,1872,1,BR2,NA,C,1,,,0,0,0,0,0,,,,
fieldge01,1872,1,MID,NA,3B,12,,,17,10,21,0,,,,,
fieldge01,1872,1,MID,NA,OF,5,,,3,0,0,0,,,,,
fieldge01,1872,1,MID,NA,SS,1,,,1,2,1,0,,,,,
fishech01,1872,1,BL1,NA,3B,18,,,45,29,33,2,,,,,
fishech01,1872,1,BL1,NA,OF,19,,,14,1,4,1,,,,,
fishech01,1872,1,BL1,NA,P,19,,,14,21,11,1,,,,,
fislewe01,1872,1,PH1,NA,2B,47,,,117,140,32,13,,,,,
fleetfr01,1872,1,BR1,NA,2B,2,,,6,8,3,0,,,,,
fleetfr01,1872,1,BR1,NA,3B,10,,,26,31,18,1,,,,,
fleetfr01,1872,1,BR1,NA,OF,2,,,1,0,0,0,,,,,
fletcge01,1872,1,BR1,NA,OF,2,,,2,0,2,0,,,,,
flowedi01,1872,1,PH1,NA,SS,3,,,1,8,5,0,,,,,
flynncl01,1872,1,WS3,NA,1B,9,,,107,1,12,5,,,,,
forceda01,1872,1,TRO,NA,3B,16,,,32,42,11,4,,,,,
forceda01,1872,2,BL1,NA,3B,19,,,43,45,16,0,,,,,
forceda01,1872,1,TRO,NA,SS,9,,,15,28,10,2,,,,,
fulmech01,1872,1,NY2,NA,3B,22,,,39,43,27,2,,,,,
fulmech01,1872,1,NY2,NA,SS,14,,,24,53,17,5,,,,,
galvijo01,1872,1,BR2,NA,2B,1,,,1,0,4,0,,,,,
gedneco01,1872,1,TRO,NA,OF,9,,,14,0,1,0,,,,,
gedneco01,1872,2,BR1,NA,OF,18,,,51,0,5,0,,,,,
glennjo01,1872,1,WS3,NA,OF,9,,,29,3,8,2,,,,,
glennjo01,1872,2,WS4,NA,OF,1,,,2,0,1,0,,,,,
goldswa01,1872,1,WS3,NA,2B,4,,,14,14,12,4,,,,,
goldswa01,1872,1,WS3,NA,SS,5,,,6,13,9,1,,,,,
gouldch01,1872,1,BS1,NA,1B,44,,,513,6,37,32,,,,,
gouldch01,1872,1,BS1,NA,OF,2,,,3,0,0,0,,,,,
hallge01,1872,1,BL1,NA,1B,1,,,4,0,0,1,,,,,
hallge01,1872,1,BL1,NA,OF,52,,,88,4,18,2,,,,,
hallji01,1872,1,BR2,NA,2B,13,,,35,34,23,5,,,,,
hastisc01,1872,1,CL1,NA,2B,6,,,9,8,10,1,,,,,
hastisc01,1872,2,BL1,NA,2B,2,,,7,3,4,1,,,,,
hastisc01,1872,1,CL1,NA,C,12,,,56,3,15,2,0,,,,
hastisc01,1872,2,BL1,NA,C,12,,,58,14,8,1,0,,,,
hastisc01,1872,1,CL1,NA,OF,8,,,15,1,2,0,,,,,
hastisc01,1872,2,BL1,NA,OF,1,,,0,0,0,0,,,,,
hatfijo01,1872,1,NY2,NA,2B,56,,,160,162,58,25,,,,,
heubege01,1872,1,WS3,NA,OF,5,,,8,0,2,0,,,,,
hicksna01,1872,1,NY2,NA,C,54,,,294,34,47,3,0,,,,
hicksna01,1872,1,NY2,NA,OF,3,,,1,0,2,0,,,,,
higby01,1872,1,BR2,NA,OF,1,,,2,0,1,0,,,,,
highadi01,1872,1,BL1,NA,1B,1,,,9,0,3,0,,,,,
highadi01,1872,1,BL1,NA,2B,5,,,10,6,7,0,,,,,
highadi01,1872,1,BL1,NA,3B,2,,,2,2,6,0,,,,,
highadi01,1872,1,BL1,NA,C,25,,,131,24,28,0,0,,,,
highadi01,1872,1,BL1,NA,OF,24,,,29,1,11,0,,,,,
hinespa01,1872,1,WS4,NA,1B,9,,,74,1,12,0,,,,,
hinespa01,1872,1,WS4,NA,3B,2,,,2,2,3,0,,,,,
hinespa01,1872,1,WS4,NA,C,1,,,2,1,1,0,0,,,,
hodesch01,1872,1,TRO,NA,3B,1,,,3,1,1,0,,,,,
hodesch01,1872,1,TRO,NA,C,3,,,9,6,3,0,0,,,,
hodesch01,1872,1,TRO,NA,OF,4,,,5,1,2,0,,,,,
hodesch01,1872,1,TRO,NA,SS,5,,,2,20,7,0,,,,,
holdsji01,1872,1,CL1,NA,SS,22,,,58,59,36,10,,,,,
holdsji01,1872,2,BR1,NA,SS,2,,,5,9,1,0,,,,,
holliho01,1872,1,WS4,NA,2B,9,,,31,18,14,2,,,,,
huntdi01,1872,1,BR1,NA,2B,3,,,8,5,12,0,,,,,
huntdi01,1872,1,BR1,NA,OF,8,,,5,2,4,0,,,,,
hurledi01,1872,1,WS3,NA,OF,2,,,2,0,1,0,,,,,
jackssa01,1872,1,BR2,NA,2B,1,,,0,0,1,0,,,,,
jackssa01,1872,1,BR2,NA,3B,1,,,0,1,3,0,,,,,
jackssa01,1872,1,BR2,NA,OF,3,,,5,1,3,0,,,,,
jewetna01,1872,1,BR1,NA,C,2,,,6,1,3,0,0,,,,
kavan01,1872,1,BR1,NA,1B,4,,,35,0,3,0,,,,,
kavan01,1872,1,BR1,NA,OF,2,,,1,0,1,0,,,,,
kennejo01,1872,1,BR2,NA,2B,3,,,5,4,4,1,,,,,
kennejo01,1872,1,BR2,NA,OF,3,,,4,0,4,0,,,,,
kingma01,1872,1,TRO,NA,OF,3,,,6,0,1,0,,,,,
kingst01,1872,1,TRO,NA,OF,25,,,54,5,17,1,,,,,
lennobi01,1872,1,WS4,NA,1B,1,,,7,0,1,0,,,,,
lennobi01,1872,1,WS4,NA,C,11,,,33,6,12,0,0,,,,
leonaan01,1872,1,BS1,NA,2B,4,,,8,12,1,2,,,,,
leonaan01,1872,1,BS1,NA,3B,6,,,9,8,6,0,,,,,
leonaan01,1872,1,BS1,NA,OF,38,,,41,7,10,0,,,,,
leonaan01,1872,1,BS1,NA,SS,1,,,0,0,0,0,,,,,
leutz01,1872,1,BR1,NA,C,4,,,11,0,4,0,0,,,,
lowech01,1872,1,BR2,NA,2B,7,,,22,19,9,1,,,,,
mackde01,1872,1,PH1,NA,1B,26,,,280,11,16,8,,,,,
mackde01,1872,1,PH1,NA,SS,21,,,22,56,25,0,,,,,
malonfe01,1872,1,PH1,NA,1B,17,,,162,3,16,4,,,,,
malonfe01,1872,1,PH1,NA,C,24,,,101,28,17,3,0,,,,
malonma01,1872,1,BR1,NA,OF,2,,,1,0,1,0,,,,,
malonma01,1872,1,BR1,NA,P,3,,,1,3,4,0,,,,,
martial01,1872,1,BR1,NA,2B,4,,,7,7,8,1,,,,,
martiph01,1872,1,TRO,NA,OF,25,,,32,0,9,0,,,,,
martiph01,1872,2,BR1,NA,OF,9,,,11,2,4,0,,,,,
martiph01,1872,1,TRO,NA,P,8,,,2,3,2,0,,,,,
martiph01,1872,2,BR1,NA,P,10,,,13,16,7,0,,,,,
mathebo01,1872,1,BL1,NA,3B,3,,,1,3,6,0,,,,,
mathebo01,1872,1,BL1,NA,OF,8,,,1,0,0,0,,,,,
mathebo01,1872,1,BL1,NA,P,49,,,20,51,20,2,,,,,
mcatebu01,1872,1,TRO,NA,1B,25,,,253,2,14,6,,,,,
mcbridi01,1872,1,PH1,NA,P,47,,,34,83,24,3,,,,,
mccarfr01,1872,1,MID,NA,OF,19,,,33,1,9,0,,,,,
mcderjo01,1872,1,BR1,NA,P,7,,,1,8,5,0,,,,,
mcdonja01,1872,1,BR2,NA,OF,15,,,18,0,7,0,,,,,
mcdonja01,1872,2,BR1,NA,SS,1,,,0,2,4,0,,,,,
mcgeami01,1872,1,PH1,NA,C,23,,,109,15,19,3,0,,,,
mcgeami01,1872,1,PH1,NA,OF,1,,,2,1,0,0,,,,,
mcgeami01,1872,1,PH1,NA,SS,23,,,24,94,30,1,,,,,
mcmuljo01,1872,1,NY2,NA,OF,53,,,146,3,22,0,,,,,
mcmuljo01,1872,1,NY2,NA,P,3,,,1,4,0,0,,,,,
mcveyca01,1872,1,BS1,NA,3B,1,,,0,2,0,0,,,,,
mcveyca01,1872,1,BS1,NA,C,40,,,149,30,27,2,0,,,,
mcveyca01,1872,1,BS1,NA,OF,11,,,8,0,1,0,,,,,
meyerle01,1872,1,PH1,NA,3B,1,,,3,2,0,1,,,,,
meyerle01,1872,1,PH1,NA,OF,26,,,46,5,15,0,,,,,
millejo01,1872,1,WS4,NA,1B,1,,,12,0,1,0,,,,,
millsch01,1872,1,NY2,NA,C,3,,,9,2,4,1,0,,,,
millsch01,1872,1,NY2,NA,OF,4,,,6,0,3,0,,,,,
millsev01,1872,1,BL1,NA,1B,55,,,464,6,35,17,,,,,
minched01,1872,1,WS4,NA,OF,11,,,40,1,8,0,,,,,
mulle01,1872,1,CL1,NA,OF,1,,,2,0,3,0,,,,,
murnati01,1872,1,MID,NA,1B,24,,,309,0,41,6,,,,,
nelsoca01,1872,2,BR1,NA,2B,9,,,17,28,10,0,,,,,
nelsoca01,1872,2,BR1,NA,3B,3,,,4,5,1,0,,,,,
nelsoca01,1872,1,TRO,NA,OF,3,,,7,0,0,0,,,,,
nelsoca01,1872,2,BR1,NA,OF,8,,,19,0,6,0,,,,,
nelsoca01,1872,1,TRO,NA,SS,1,,,1,2,2,0,,,,,
orour01,1872,1,BR1,NA,P,1,,,0,0,1,0,,,,,
orourji01,1872,1,MID,NA,3B,2,,,7,3,1,0,,,,,
orourji01,1872,1,MID,NA,C,8,,,21,5,11,1,0,,,,
orourji01,1872,1,MID,NA,SS,16,,,16,54,26,1,,,,,
paborch01,1872,1,CL1,NA,OF,20,,,43,1,7,1,,,,,
paborch01,1872,1,CL1,NA,P,2,,,1,4,1,0,,,,,
patteda01,1872,1,BR1,NA,1B,1,,,8,0,1,0,,,,,
patteda01,1872,1,BR1,NA,OF,11,,,27,3,4,0,,,,,
pearcdi01,1872,1,NY2,NA,OF,2,,,2,0,0,0,,,,,
pearcdi01,1872,1,NY2,NA,SS,42,,,35,142,34,12,,,,,
pikeli01,1872,1,BL1,NA,2B,24,,,55,49,27,7,,,,,
pikeli01,1872,1,BL1,NA,3B,9,,,17,19,16,2,,,,,
pikeli01,1872,1,BL1,NA,OF,25,,,35,0,5,0,,,,,
prattal01,1872,1,CL1,NA,OF,6,,,1,0,0,0,,,,,
prattal01,1872,1,CL1,NA,P,15,,,8,11,6,3,,,,,
radcljo01,1872,1,BL1,NA,2B,1,,,1,1,0,0,,,,,
radcljo01,1872,1,BL1,NA,3B,6,,,13,9,8,0,,,,,
radcljo01,1872,1,BL1,NA,SS,50,,,66,156,66,9,,,,,
reachal01,1872,1,PH1,NA,1B,4,,,51,0,2,3,,,,,
reachal01,1872,1,PH1,NA,OF,20,,,29,4,2,2,,,,,
reachbo01,1872,1,WS3,NA,SS,2,,,2,6,3,0,,,,,
remseja01,1872,1,BR2,NA,OF,37,,,90,5,25,2,,,,,
robinva01,1872,1,WS3,NA,OF,7,,,5,1,2,0,,,,,
rogerfr01,1872,1,BS1,NA,1B,6,,,62,0,6,2,,,,,
rogerfr01,1872,1,BS1,NA,OF,41,,,45,4,13,1,,,,,
schafha01,1872,1,BS1,NA,3B,43,,,73,117,49,5,,,,,
schafha01,1872,1,BS1,NA,C,2,,,2,0,2,0,0,,,,
schafha01,1872,1,BS1,NA,OF,5,,,7,1,1,0,,,,,
selmafr01,1872,1,WS3,NA,3B,2,,,5,6,7,3,,,,,
selmafr01,1872,1,WS3,NA,C,7,,,20,6,7,1,0,,,,
senseco01,1872,1,PH1,NA,OF,1,,,0,0,0,0,,,,,
simmojo01,1872,1,CL1,NA,1B,15,,,133,3,9,11,,,,,
simmojo01,1872,1,CL1,NA,OF,3,,,0,0,0,0,,,,,
snydeji01,1872,1,BR1,NA,C,1,,,2,1,0,0,0,,,,
snydeji01,1872,1,BR1,NA,OF,1,,,1,0,0,0,,,,,
snydeji01,1872,1,BR1,NA,SS,25,,,29,100,40,2,,,,,
snydejo01,1872,1,BR1,NA,OF,9,,,25,3,8,0,,,,,
spaldal01,1872,1,BS1,NA,OF,7,,,1,0,0,0,,,,,
spaldal01,1872,1,BS1,NA,P,48,,,28,101,14,2,,,,,
spenc01,1872,1,WS4,NA,SS,1,,,0,3,4,0,,,,,
startjo01,1872,1,NY2,NA,1B,55,,,509,0,24,26,,,,,
stearbi01,1872,1,WS4,NA,P,11,,,3,12,7,0,,,,,
studlse01,1872,1,WS4,NA,OF,5,,,12,0,9,0,,,,,
suttoez01,1872,1,CL1,NA,3B,22,,,47,42,35,2,,,,,
swandma01,1872,1,BR1,NA,1B,1,,,13,1,0,0,,,,,
swandma01,1872,1,BR1,NA,2B,1,,,3,1,0,0,,,,,
swandma01,1872,1,BR1,NA,3B,8,,,16,14,18,0,,,,,
swandma01,1872,1,BR1,NA,OF,4,,,13,0,8,0,,,,,
sweasch01,1872,1,CL1,NA,2B,11,,,30,35,13,3,,,,,
sweasch01,1872,1,CL1,NA,OF,1,,,5,0,0,0,,,,,
thakeal01,1872,1,BR2,NA,2B,1,,,3,0,0,0,,,,,
thakeal01,1872,1,BR2,NA,OF,18,,,41,1,10,0,,,,,
tippeji01,1872,1,MID,NA,3B,5,,,5,15,9,1,,,,,
tippeji01,1872,1,MID,NA,OF,19,,,32,3,10,0,,,,,
treacfr01,1872,1,PH1,NA,OF,47,,,93,3,22,1,,,,,
waterfr01,1872,1,WS3,NA,3B,7,,,15,28,8,3,,,,,
waterfr01,1872,1,WS3,NA,C,2,,,3,1,2,0,0,,,,
whitede01,1872,1,CL1,NA,2B,7,,,16,22,9,4,,,,,
whitede01,1872,1,CL1,NA,C,14,,,61,14,10,5,0,,,,
whitede01,1872,1,CL1,NA,OF,5,,,5,1,4,0,,,,,
whitewa01,1872,1,WS4,NA,3B,9,,,27,35,10,2,,,,,
whitewa01,1872,1,WS4,NA,SS,1,,,3,5,3,0,,,,,
woltery01,1872,1,CL1,NA,OF,11,,,6,1,2,0,,,,,
woltery01,1872,1,CL1,NA,P,12,,,1,8,9,1,,,,,
woodji01,1872,1,TRO,NA,2B,25,,,83,57,18,4,,,,,
woodji01,1872,2,BR1,NA,2B,7,,,23,19,8,1,,,,,
worthhe01,1872,1,BR2,NA,OF,1,,,1,0,0,0,,,,,
wrighge01,1872,1,BS1,NA,SS,48,,,87,193,54,25,,,,,
wrighha01,1872,1,BS1,NA,OF,48,,,67,4,11,1,,,,,
wrighha01,1872,1,BS1,NA,P,7,,,1,5,1,1,,,,,
yeatmbi01,1872,1,WS4,NA,OF,1,,,0,0,1,0,,,,,
yorkto01,1872,1,BL1,NA,OF,51,,,145,7,14,2,,,,,
zettlge01,1872,1,TRO,NA,OF,8,,,5,0,1,0,,,,,
zettlge01,1872,2,BR1,NA,OF,1,,,1,1,0,1,,,,,
zettlge01,1872,1,TRO,NA,P,25,,,8,34,10,0,,,,,
zettlge01,1872,2,BR1,NA,P,9,,,4,18,5,1,,,,,
addybo01,1873,1,PH2,NA,2B,10,,,24,23,8,2,,,,,
addybo01,1873,2,BS1,NA,OF,31,,,30,3,11,0,,,,,
allisar01,1873,1,ELI,NA,1B,3,,,27,0,6,0,,,,,
allisar01,1873,1,ELI,NA,C,1,,,5,1,1,0,0,,,,
allisar01,1873,1,ELI,NA,OF,21,,,37,2,7,1,,,,,
allisdo01,1873,1,ELI,NA,C,18,,,47,17,15,3,0,,,,
allisdo01,1873,2,NY2,NA,C,11,,,49,10,9,1,0,,,,
allisdo01,1873,1,ELI,NA,OF,3,,,1,0,1,0,,,,,
allisdo01,1873,2,NY2,NA,OF,1,,,0,0,0,0,,,,,
ansonca01,1873,1,PH1,NA,1B,36,,,396,9,34,19,,,,,
ansonca01,1873,1,PH1,NA,2B,3,,,4,5,7,1,,,,,
ansonca01,1873,1,PH1,NA,3B,11,,,27,16,10,1,,,,,
ansonca01,1873,1,PH1,NA,C,3,,,7,1,1,0,0,,,,
ansonca01,1873,1,PH1,NA,OF,3,,,6,1,1,0,,,,,
atkined01,1873,1,WS5,NA,OF,2,,,1,0,0,0,,,,,
austihe01,1873,1,ELI,NA,OF,23,,,35,4,15,1,,,,,
barloto01,1873,1,BR2,NA,2B,1,,,0,0,0,0,,,,,
barloto01,1873,1,BR2,NA,C,55,,,157,58,67,2,0,,,,
barloto01,1873,1,BR2,NA,SS,1,,,1,2,1,0,,,,,
barnero01,1873,1,BS1,NA,2B,47,,,167,168,58,22,,,,,
barnero01,1873,1,BS1,NA,3B,13,,,31,29,16,4,,,,,
barrebi01,1873,1,BL1,NA,OF,1,,,0,0,0,0,,,,,
barrebi01,1873,1,BL1,NA,SS,1,,,3,1,2,0,,,,,
battijo01,1873,1,PH1,NA,OF,1,,,1,1,1,0,,,,,
bealsto01,1873,1,WS5,NA,2B,26,,,101,81,27,16,,,,,
bealsto01,1873,1,WS5,NA,C,13,,,26,12,9,1,0,,,,
bealsto01,1873,1,WS5,NA,OF,1,,,1,0,0,0,,,,,
bechtge01,1873,1,PH2,NA,OF,52,,,84,9,16,2,,,,,
bechtge01,1873,1,PH2,NA,P,3,,,1,3,2,0,,,,,
bellast01,1873,1,NY2,NA,2B,3,,,0,1,0,0,,,,,
bellast01,1873,1,NY2,NA,3B,7,,,13,8,22,3,,,,,
bielaos01,1873,1,WS5,NA,OF,38,,,64,7,21,0,,,,,
birdsda01,1873,1,BS1,NA,OF,3,,,1,0,4,0,,,,,
boothed01,1873,1,ELI,NA,2B,1,,,2,4,3,0,,,,,
boothed01,1873,1,ELI,NA,OF,17,,,27,1,5,0,,,,,
boothed01,1873,2,BR2,NA,OF,16,,,23,3,7,0,,,,,
boydbi01,1873,1,BR2,NA,3B,8,,,13,18,7,1,,,,,
boydbi01,1873,1,BR2,NA,OF,43,,,38,10,19,1,,,,,
brainas01,1873,1,BL1,NA,2B,1,,,0,2,1,0,,,,,
brainas01,1873,1,BL1,NA,OF,2,,,0,0,0,0,,,,,
brainas01,1873,1,BL1,NA,P,14,,,2,14,4,0,,,,,
brittji01,1873,1,BR2,NA,OF,3,,,3,0,0,0,,,,,
brittji01,1873,1,BR2,NA,P,54,,,12,71,31,0,,,,,
burdoja01,1873,1,BR2,NA,2B,55,,,170,166,76,21,,,,,
burdoja01,1873,1,BR2,NA,C,2,,,0,0,0,0,0,,,,
campbhu01,1873,1,ELI,NA,2B,1,,,2,4,1,0,,,,,
campbhu01,1873,1,ELI,NA,OF,1,,,0,0,0,0,,,,,
campbhu01,1873,1,ELI,NA,P,19,,,6,41,20,0,,,,,
campbhu01,1873,1,ELI,NA,SS,1,,,0,2,0,0,,,,,
campbmi02,1873,1,ELI,NA,1B,18,,,225,2,18,5,,,,,
campbmi02,1873,1,ELI,NA,OF,1,,,4,0,0,0,,,,,
campbmi02,1873,1,ELI,NA,SS,3,,,8,8,6,0,,,,,
careyto01,1873,1,BL1,NA,2B,54,,,134,134,49,22,,,,,
careyto01,1873,1,BL1,NA,3B,4,,,1,5,4,0,,,,,
careyto01,1873,1,BL1,NA,SS,3,,,2,13,2,0,,,,,
clappjo01,1873,1,PH1,NA,2B,1,,,0,2,2,0,,,,,
clappjo01,1873,1,PH1,NA,C,43,,,182,34,22,2,0,,,,
clappjo01,1873,1,PH1,NA,OF,1,,,0,0,0,0,,,,,
clappjo01,1873,1,PH1,NA,SS,6,,,1,15,7,0,,,,,
clintji01,1873,1,ELI,NA,3B,9,,,25,21,20,1,,,,,
cranefr01,1873,1,ELI,NA,2B,1,,,2,2,2,0,,,,,
cravebi01,1873,1,BL1,NA,1B,3,,,17,0,0,1,,,,,
cravebi01,1873,1,BL1,NA,C,22,,,78,21,9,2,0,,,,
cravebi01,1873,1,BL1,NA,OF,7,,,10,0,0,0,,,,,
cravebi01,1873,1,BL1,NA,SS,15,,,24,45,20,5,,,,,
cummica01,1873,1,BL1,NA,P,42,,,20,41,16,2,,,,,
cuthbne01,1873,1,PH2,NA,OF,51,,,110,2,20,1,,,,,
dehlmhe01,1873,1,BR2,NA,1B,54,,,682,9,53,21,,,,,
dehlmhe01,1873,1,BR2,NA,SS,1,,,0,1,0,0,,,,,
devliji01,1873,1,PH2,NA,1B,12,,,118,4,8,9,,,,,
devliji01,1873,1,PH2,NA,3B,6,,,8,11,12,1,,,,,
devliji01,1873,1,PH2,NA,OF,1,,,1,1,0,0,,,,,
devliji01,1873,1,PH2,NA,SS,5,,,4,6,6,0,,,,,
donnepe01,1873,1,WS5,NA,2B,12,,,36,36,10,1,,,,,
donnepe01,1873,1,WS5,NA,3B,1,,,0,0,0,0,,,,,
donnepe01,1873,1,WS5,NA,OF,6,,,13,1,4,0,,,,,
donnepe01,1873,1,WS5,NA,SS,13,,,16,38,15,4,,,,,
doschhe01,1873,1,BR2,NA,OF,1,,,1,0,1,0,,,,,
eggleda01,1873,1,NY2,NA,3B,1,,,0,0,1,0,,,,,
eggleda01,1873,1,NY2,NA,OF,53,,,119,6,20,1,,,,,
eland01,1873,1,BL4,NA,OF,1,,,2,0,1,0,,,,,
farrojo01,1873,1,ELI,NA,1B,1,,,6,0,2,0,,,,,
farrojo01,1873,1,ELI,NA,C,9,,,26,9,17,0,0,,,,
farrojo01,1873,1,ELI,NA,OF,3,,,2,0,0,0,,,,,
farrojo01,1873,1,ELI,NA,SS,1,,,0,2,2,0,,,,,
fergubo01,1873,1,BR2,NA,3B,50,,,109,211,104,9,,,,,
fergubo01,1873,1,BR2,NA,P,4,,,0,4,1,0,,,,,
fishech01,1873,1,PH1,NA,1B,1,,,9,1,1,2,,,,,
fishech01,1873,1,PH1,NA,2B,3,,,3,4,3,0,,,,,
fishech01,1873,1,PH1,NA,OF,45,,,72,12,29,3,,,,,
fishech01,1873,1,PH1,NA,P,13,,,8,8,4,0,,,,,
fislewe01,1873,1,PH1,NA,1B,10,,,72,2,13,3,,,,,
fislewe01,1873,1,PH1,NA,2B,36,,,99,113,36,19,,,,,
fleetfr01,1873,1,ELI,NA,1B,1,,,11,0,0,0,,,,,
fleetfr01,1873,1,ELI,NA,2B,9,,,26,25,8,1,,,,,
fleetfr01,1873,1,ELI,NA,3B,2,,,6,8,4,0,,,,,
fleetfr01,1873,1,ELI,NA,P,3,,,4,7,0,0,,,,,
fleetfr01,1873,1,ELI,NA,SS,9,,,10,32,14,1,,,,,
forceda01,1873,1,BL1,NA,3B,34,,,59,73,29,1,,,,,
forceda01,1873,1,BL1,NA,P,3,,,0,1,0,0,,,,,
forceda01,1873,1,BL1,NA,SS,17,,,32,61,18,5,,,,,
frencbi01,1873,1,BL4,NA,1B,2,,,19,0,2,0,,,,,
frencbi01,1873,1,BL4,NA,3B,1,,,1,1,1,0,,,,,
frencbi01,1873,1,BL4,NA,OF,2,,,2,1,2,0,,,,,
frencbi01,1873,1,BL4,NA,P,1,,,0,0,0,0,,,,,
fulmech01,1873,1,PH2,NA,1B,1,,,5,0,1,0,,,,,
fulmech01,1873,1,PH2,NA,C,1,,,0,0,0,0,0,,,,
fulmech01,1873,1,PH2,NA,P,2,,,1,1,1,0,,,,,
fulmech01,1873,1,PH2,NA,SS,49,,,81,220,75,15,,,,,
gedneco01,1873,1,NY2,NA,OF,53,,,185,10,30,4,,,,,
gerhajo01,1873,1,WS5,NA,SS,13,,,9,40,21,4,,,,,
glennjo01,1873,1,WS5,NA,1B,39,,,384,4,30,20,,,,,
goldswa01,1873,1,BL4,NA,2B,1,,,1,3,2,0,,,,,
greasjo01,1873,1,WS5,NA,P,7,,,5,6,5,1,,,,,
hallge01,1873,1,BL1,NA,OF,35,,,87,2,17,0,,,,,
hastisc01,1873,1,BL1,NA,2B,1,,,1,1,1,0,,,,,
hastisc01,1873,1,BL1,NA,C,19,,,81,10,11,2,0,,,,
hastisc01,1873,1,BL1,NA,OF,12,,,18,0,2,0,,,,,
hatfijo01,1873,1,NY2,NA,2B,11,,,29,20,11,1,,,,,
hatfijo01,1873,1,NY2,NA,3B,45,,,105,84,65,5,,,,,
hatfijo01,1873,1,NY2,NA,OF,1,,,0,0,0,0,,,,,
hicksna01,1873,1,NY2,NA,C,28,,,170,23,52,4,0,,,,
highadi01,1873,1,NY2,NA,2B,18,,,35,25,22,8,,,,,
highadi01,1873,1,NY2,NA,C,17,,,100,17,22,1,0,,,,
highadi01,1873,1,NY2,NA,OF,19,,,15,0,6,0,,,,,
hinespa01,1873,1,WS5,NA,2B,2,,,8,11,3,3,,,,,
hinespa01,1873,1,WS5,NA,C,1,,,2,0,1,0,0,,,,
hinespa01,1873,1,WS5,NA,OF,36,,,83,4,22,0,,,,,
holdsji01,1873,1,NY2,NA,SS,53,,,78,146,65,10,,,,,
holliho01,1873,1,WS5,NA,2B,2,,,2,4,1,1,,,,,
holliho01,1873,1,WS5,NA,OF,30,,,65,5,14,0,,,,,
hoopemi01,1873,1,BL4,NA,C,1,,,3,1,3,0,0,,,,
hoopemi01,1873,1,BL4,NA,OF,2,,,5,0,1,0,,,,,
johnsto01,1873,1,BL4,NA,OF,1,,,0,0,1,0,,,,,
jones01,1873,1,BL4,NA,OF,1,,,4,0,1,0,,,,,
kernajo01,1873,1,BL4,NA,2B,1,,,3,4,3,0,,,,,
kernajo01,1873,1,BL4,NA,OF,1,,,4,0,0,0,,,,,
kesslhe01,1873,1,BR2,NA,1B,1,,,14,1,2,0,,,,,
kohlehe01,1873,1,BL4,NA,1B,1,,,4,0,0,0,,,,,
kohlehe01,1873,1,BL4,NA,3B,6,,,18,6,11,0,,,,,
kohlehe01,1873,1,BL4,NA,C,1,,,2,0,2,0,0,,,,
kohlehe01,1873,1,BL4,NA,OF,1,,,0,0,0,0,,,,,
laughbe01,1873,1,ELI,NA,2B,12,,,36,38,28,6,,,,,
lennobi01,1873,1,BL4,NA,1B,4,,,49,0,3,0,,,,,
lennobi01,1873,1,BL4,NA,3B,1,,,2,1,1,0,,,,,
lennobi01,1873,1,BL4,NA,C,1,,,3,0,2,0,0,,,,
leonaan01,1873,1,BS1,NA,1B,2,,,2,0,2,0,,,,,
leonaan01,1873,1,BS1,NA,2B,12,,,30,31,11,6,,,,,
leonaan01,1873,1,BS1,NA,OF,45,,,79,16,38,1,,,,,
leonaan01,1873,1,BS1,NA,SS,1,,,1,6,1,0,,,,,
lovetle01,1873,1,ELI,NA,P,1,,,0,1,1,0,,,,,
mackde01,1873,1,PH2,NA,1B,42,,,429,8,30,20,,,,,
mackde01,1873,1,PH2,NA,2B,1,,,6,2,0,0,,,,,
mackde01,1873,1,PH2,NA,OF,4,,,3,1,1,0,,,,,
mackde01,1873,1,PH2,NA,SS,3,,,2,12,2,0,,,,,
malonfe01,1873,1,PH2,NA,C,53,,,198,48,28,7,0,,,,
malonfe01,1873,1,PH2,NA,SS,1,,,1,0,2,0,,,,,
mannija01,1873,1,BS1,NA,1B,29,,,306,10,20,14,,,,,
mannija01,1873,1,BS1,NA,OF,5,,,7,0,4,0,,,,,
martiph01,1873,1,NY2,NA,OF,30,,,17,0,8,0,,,,,
martiph01,1873,1,NY2,NA,P,6,,,0,3,7,0,,,,,
mathebo01,1873,1,NY2,NA,OF,5,,,2,0,1,0,,,,,
mathebo01,1873,1,NY2,NA,P,52,,,27,58,27,1,,,,,
mcbridi01,1873,1,PH1,NA,OF,11,,,4,0,5,0,,,,,
mcbridi01,1873,1,PH1,NA,P,46,,,22,60,15,2,,,,,
mcdoo01,1873,1,BL4,NA,P,1,,,0,4,1,0,,,,,
mcgeami01,1873,1,PH1,NA,3B,1,,,0,0,0,0,,,,,
mcgeami01,1873,1,PH1,NA,C,13,,,34,8,11,0,0,,,,
mcgeami01,1873,1,PH1,NA,SS,44,,,60,147,50,9,,,,,
mcmuljo01,1873,1,PH1,NA,OF,51,,,117,3,25,1,,,,,
mcmuljo01,1873,1,PH1,NA,P,1,,,0,3,1,0,,,,,
mcveyca01,1873,1,BL1,NA,1B,3,,,13,0,2,2,,,,,
mcveyca01,1873,1,BL1,NA,2B,4,,,12,5,6,0,,,,,
mcveyca01,1873,1,BL1,NA,3B,2,,,4,1,5,0,,,,,
mcveyca01,1873,1,BL1,NA,C,25,,,82,15,10,0,0,,,,
mcveyca01,1873,1,BL1,NA,OF,6,,,13,0,2,0,,,,,
mcveyca01,1873,1,BL1,NA,SS,5,,,11,18,4,0,,,,,
meyerle01,1873,1,PH2,NA,3B,48,,,86,108,67,7,,,,,
meyerle01,1873,1,PH2,NA,SS,1,,,0,0,0,0,,,,,
millsev01,1873,1,BL1,NA,1B,53,,,515,8,28,14,,,,,
millsev01,1873,1,BL1,NA,OF,1,,,2,0,0,0,,,,,
murnati01,1873,1,PH1,NA,1B,10,,,81,4,12,1,,,,,
murnati01,1873,1,PH1,NA,2B,6,,,12,9,5,0,,,,,
murnati01,1873,1,PH1,NA,OF,30,,,49,2,13,0,,,,,
nelsoca01,1873,1,NY2,NA,1B,1,,,2,0,0,0,,,,,
nelsoca01,1873,1,NY2,NA,2B,27,,,59,54,17,4,,,,,
nelsoca01,1873,1,NY2,NA,3B,5,,,6,11,7,1,,,,,
nelsoca01,1873,1,NY2,NA,C,1,,,2,1,0,0,0,,,,
nelsoca01,1873,1,NY2,NA,OF,6,,,4,0,1,0,,,,,
nevinal01,1873,1,ELI,NA,3B,12,,,11,22,24,0,,,,,
nevinal01,1873,1,ELI,NA,OF,1,,,1,0,0,0,,,,,
orourji01,1873,1,BS1,NA,1B,32,,,350,11,33,18,,,,,
orourji01,1873,1,BS1,NA,C,9,,,27,4,4,2,0,,,,
orourji01,1873,1,BS1,NA,OF,22,,,19,4,11,0,,,,,
paborch01,1873,1,BR2,NA,OF,55,,,138,4,34,1,,,,,
pearcdi01,1873,1,BR2,NA,1B,1,,,1,0,0,0,,,,,
pearcdi01,1873,1,BR2,NA,2B,1,,,0,0,1,0,,,,,
pearcdi01,1873,1,BR2,NA,SS,55,,,36,233,76,10,,,,,
phelpne01,1873,1,NY2,NA,1B,1,,,1,0,0,0,,,,,
phelpne01,1873,1,NY2,NA,OF,1,,,0,0,0,0,,,,,
pikeli01,1873,1,BL1,NA,2B,2,,,6,0,1,0,,,,,
pikeli01,1873,1,BL1,NA,OF,56,,,47,10,24,5,,,,,
popplge01,1873,1,BL4,NA,OF,1,,,1,0,0,0,,,,,
popplge01,1873,1,BL4,NA,SS,1,,,0,1,1,0,,,,,
radcljo01,1873,1,BL1,NA,2B,1,,,1,2,0,0,,,,,
radcljo01,1873,1,BL1,NA,3B,24,,,36,79,36,2,,,,,
radcljo01,1873,1,BL1,NA,SS,23,,,35,56,35,3,,,,,
reachal01,1873,1,PH1,NA,2B,9,,,12,25,5,2,,,,,
reachal01,1873,1,PH1,NA,OF,7,,,17,3,1,0,,,,,
reachbo01,1873,1,WS5,NA,SS,1,,,1,3,4,0,,,,,
remseja01,1873,1,BR2,NA,OF,50,,,102,5,25,2,,,,,
rogerfr01,1873,1,BS1,NA,1B,1,,,13,0,3,1,,,,,
ryanjo01,1873,1,PH2,NA,1B,1,,,7,1,2,1,,,,,
ryanjo01,1873,1,PH2,NA,OF,1,,,2,0,0,0,,,,,
saylo01,1873,1,BL4,NA,OF,1,,,4,0,0,0,,,,,
saylo01,1873,1,BL4,NA,SS,2,,,3,7,5,0,,,,,
schafha01,1873,1,BS1,NA,3B,47,,,90,79,62,7,,,,,
schafha01,1873,1,BS1,NA,OF,13,,,28,2,8,1,,,,,
selmafr01,1873,1,BL4,NA,P,1,,,0,0,1,0,,,,,
senseco01,1873,1,PH1,NA,1B,1,,,0,0,0,0,,,,,
senseco01,1873,1,PH1,NA,OF,19,,,42,1,9,0,,,,,
sheppjo01,1873,1,BL4,NA,C,1,,,2,1,2,0,0,,,,
sheppjo01,1873,1,BL4,NA,OF,2,,,3,0,3,0,,,,,
simpsma01,1873,1,BL4,NA,2B,3,,,4,15,5,0,,,,,
simpsma01,1873,1,BL4,NA,C,1,,,3,2,2,0,0,,,,
smithbi01,1873,1,BL4,NA,2B,1,,,2,3,3,0,,,,,
smithbi01,1873,1,BL4,NA,C,2,,,6,2,2,0,0,,,,
smithbi01,1873,1,BL4,NA,OF,3,,,3,0,3,0,,,,,
smithjo01,1873,1,BL4,NA,OF,2,,,1,0,1,0,,,,,
smithjo01,1873,1,BL4,NA,SS,3,,,7,10,5,0,,,,,
snydepo01,1873,1,WS5,NA,C,28,,,96,44,25,3,0,,,,
snydepo01,1873,1,WS5,NA,OF,3,,,1,0,0,0,,,,,
spaldal01,1873,1,BS1,NA,OF,13,,,1,0,1,0,,,,,
spaldal01,1873,1,BS1,NA,P,60,,,40,131,29,2,,,,,
startjo01,1873,1,NY2,NA,1B,53,,,413,18,26,19,,,,,
startjo01,1873,1,NY2,NA,OF,2,,,0,0,0,0,,,,,
stearbi01,1873,1,WS5,NA,P,32,,,17,27,16,1,,,,,
strated01,1873,1,BL4,NA,OF,1,,,0,0,0,0,,,,,
strated01,1873,1,BL4,NA,P,3,,,0,3,3,0,,,,,
suttoez01,1873,1,PH1,NA,2B,2,,,1,2,3,0,,,,,
suttoez01,1873,1,PH1,NA,3B,43,,,74,113,45,3,,,,,
suttoez01,1873,1,PH1,NA,SS,8,,,13,18,12,2,,,,,
swandma01,1873,1,ELI,NA,1B,2,,,20,0,2,0,,,,,
sweasch01,1873,1,BS1,NA,2B,1,,,1,4,2,0,,,,,
treacfr01,1873,1,PH2,NA,OF,51,,,108,10,35,4,,,,,
wallho01,1873,1,WS5,NA,SS,1,,,0,0,0,0,,,,,
waterfr01,1873,1,WS5,NA,3B,2,,,3,2,2,0,,,,,
waterfr01,1873,1,WS5,NA,OF,4,,,3,2,3,0,,,,,
waterfr01,1873,1,WS5,NA,SS,9,,,13,24,23,0,,,,,
whitede01,1873,1,BS1,NA,C,56,,,229,44,50,4,0,,,,
whitede01,1873,1,BS1,NA,OF,9,,,4,1,2,0,,,,,
whitewa01,1873,1,WS5,NA,3B,37,,,85,108,76,9,,,,,
whitewa01,1873,1,WS5,NA,SS,3,,,3,9,2,0,,,,,
woltery01,1873,1,ELI,NA,P,1,,,0,2,0,0,,,,,
woodhre01,1873,1,BL4,NA,SS,1,,,1,8,1,0,,,,,
woodji01,1873,1,PH2,NA,2B,42,,,141,115,45,27,,,,,
wordsfa01,1873,1,ELI,NA,OF,1,,,1,0,0,0,,,,,
wordsfa01,1873,1,ELI,NA,SS,11,,,8,37,25,1,,,,,
wrighge01,1873,1,BS1,NA,SS,59,,,89,244,79,16,,,,,
wrighha01,1873,1,BS1,NA,OF,58,,,61,11,14,1,,,,,
wrighha01,1873,1,BS1,NA,P,13,,,2,3,2,1,,,,,
yorkto01,1873,1,BL1,NA,OF,57,,,180,10,28,1,,,,,
zettlge01,1873,1,PH2,NA,1B,1,,,1,0,0,0,,,,,
zettlge01,1873,1,PH2,NA,P,51,,,22,93,18,4,,,,,
addybo01,1874,1,HR1,NA,2B,45,,,125,139,48,7,,,,,
addybo01,1874,1,HR1,NA,3B,5,,,10,10,15,0,,,,,
addybo01,1874,1,HR1,NA,SS,1,,,0,1,2,0,,,,,
allisdo01,1874,1,NY2,NA,2B,1,,,1,0,1,0,,,,,
allisdo01,1874,1,NY2,NA,C,34,,,161,25,40,2,0,,,,
allisdo01,1874,1,NY2,NA,OF,47,,,28,4,8,0,,,,,
ansonca01,1874,1,PH1,NA,1B,24,,,229,5,16,9,,,,,
ansonca01,1874,1,PH1,NA,3B,20,,,38,33,21,2,,,,,
ansonca01,1874,1,PH1,NA,C,1,,,0,0,0,0,0,,,,
ansonca01,1874,1,PH1,NA,OF,8,,,11,1,4,0,,,,,
ansonca01,1874,1,PH1,NA,SS,6,,,5,18,8,0,,,,,
barloto01,1874,1,HR1,NA,SS,32,,,65,126,42,4,,,,,
barnero01,1874,1,BS1,NA,2B,51,,,160,167,55,31,,,,,
barnero01,1874,1,BS1,NA,OF,1,,,1,0,2,0,,,,,
barnibi01,1874,1,HR1,NA,C,30,,,111,18,47,0,0,,,,
barnibi01,1874,1,HR1,NA,OF,29,,,26,5,19,2,,,,,
barnibi01,1874,1,HR1,NA,SS,1,,,0,0,2,0,,,,,
battijo01,1874,1,PH1,NA,2B,41,,,111,124,54,20,,,,,
battijo01,1874,1,PH1,NA,OF,7,,,13,1,6,0,,,,,
battijo01,1874,1,PH1,NA,SS,5,,,10,11,9,0,,,,,
bealsto01,1874,1,BS1,NA,2B,12,,,29,33,11,2,,,,,
bealsto01,1874,1,BS1,NA,OF,9,,,6,2,4,0,,,,,
bechtge01,1874,1,PH2,NA,OF,28,,,38,0,14,0,,,,,
bechtge01,1874,1,PH2,NA,P,6,,,2,6,9,0,,,,,
bielaos01,1874,1,BL1,NA,1B,1,,,3,0,1,0,,,,,
bielaos01,1874,1,BL1,NA,OF,43,,,65,10,18,1,,,,,
boardfr01,1874,1,BL1,NA,OF,1,,,0,0,0,0,,,,,
bondto01,1874,1,BR2,NA,P,55,,,27,137,31,1,,,,,
boothed01,1874,1,BR2,NA,2B,1,,,1,0,0,0,,,,,
boothed01,1874,1,BR2,NA,OF,44,,,69,3,17,0,,,,,
boydbi01,1874,1,HR1,NA,3B,25,,,43,44,44,6,,,,,
boydbi01,1874,1,HR1,NA,OF,1,,,2,0,0,0,,,,,
bradyst01,1874,1,HR1,NA,3B,16,,,28,19,24,0,,,,,
bradyst01,1874,1,HR1,NA,OF,11,,,16,2,10,0,,,,,
bradyst01,1874,1,HR1,NA,SS,1,,,0,0,1,0,,,,,
brainas01,1874,1,BL1,NA,2B,21,,,24,41,22,1,,,,,
brainas01,1874,1,BL1,NA,OF,2,,,1,0,0,0,,,,,
brainas01,1874,1,BL1,NA,P,30,,,8,33,9,2,,,,,
brown01,1874,1,BL1,NA,SS,2,,,3,5,3,0,,,,,
burdoja01,1874,1,NY2,NA,3B,60,,,160,131,64,7,,,,,
burdoja01,1874,1,NY2,NA,OF,3,,,3,0,0,0,,,,,
careyto01,1874,1,NY2,NA,2B,13,,,30,34,18,2,,,,,
careyto01,1874,1,NY2,NA,SS,51,,,40,133,50,5,,,,,
carlle01,1874,1,BL1,NA,C,1,,,1,0,3,0,0,,,,
chapmja01,1874,1,BR2,NA,1B,1,,,10,0,0,0,,,,,
chapmja01,1874,1,BR2,NA,OF,53,,,51,12,22,0,,,,,
clackbo01,1874,1,BR2,NA,1B,2,,,29,1,3,1,,,,,
clackbo01,1874,1,BR2,NA,OF,31,,,55,5,17,0,,,,,
clappjo01,1874,1,PH1,NA,C,27,,,126,23,24,3,0,,,,
clappjo01,1874,1,PH1,NA,OF,15,,,19,1,10,1,,,,,
clappjo01,1874,1,PH1,NA,SS,1,,,0,1,0,0,,,,,
clintji01,1874,1,BR2,NA,2B,1,,,2,2,5,0,,,,,
clintji01,1874,1,BR2,NA,OF,1,,,0,0,0,0,,,,,
collida01,1874,1,CH2,NA,OF,2,,,3,0,0,0,,,,,
collida01,1874,1,CH2,NA,P,2,,,0,5,0,0,,,,,
collida01,1874,1,CH2,NA,SS,1,,,1,0,1,0,,,,,
connete01,1874,1,CH2,NA,C,1,,,2,1,4,0,0,,,,
cravebi01,1874,1,PH2,NA,1B,1,,,1,1,0,0,,,,,
cravebi01,1874,1,PH2,NA,2B,54,,,175,138,75,27,,,,,
cravebi01,1874,1,PH2,NA,C,5,,,12,4,8,0,0,,,,
cummica01,1874,1,PH2,NA,OF,1,,,0,0,0,0,,,,,
cummica01,1874,1,PH2,NA,P,54,,,16,73,23,0,,,,,
cuthbne01,1874,1,CH2,NA,C,4,,,15,2,6,0,0,,,,
cuthbne01,1874,1,CH2,NA,OF,55,,,135,10,35,1,,,,,
deaneha01,1874,1,BL1,NA,2B,2,,,3,4,2,0,,,,,
deaneha01,1874,1,BL1,NA,OF,46,,,75,6,18,2,,,,,
deaneha01,1874,1,BL1,NA,SS,1,,,0,1,1,0,,,,,
dehlmhe01,1874,1,BR2,NA,1B,53,,,701,9,42,8,,,,,
devliji01,1874,1,CH2,NA,1B,24,,,248,3,19,5,,,,,
devliji01,1874,1,CH2,NA,3B,5,,,5,6,9,0,,,,,
devliji01,1874,1,CH2,NA,OF,17,,,20,2,7,2,,,,,
donnepe01,1874,1,PH2,NA,2B,1,,,1,1,1,0,,,,,
donnepe01,1874,1,PH2,NA,OF,3,,,2,0,1,0,,,,,
donnepe01,1874,1,PH2,NA,SS,2,,,1,3,3,0,,,,,
eggleda01,1874,1,PH2,NA,2B,2,,,5,3,1,0,,,,,
eggleda01,1874,1,PH2,NA,OF,57,,,135,9,15,3,,,,,
farreja01,1874,1,HR1,NA,OF,3,,,6,0,0,0,,,,,
farrojo01,1874,1,BR2,NA,2B,12,,,34,45,23,5,,,,,
farrojo01,1874,1,BR2,NA,C,16,,,40,19,26,1,0,,,,
farrojo01,1874,1,BR2,NA,OF,3,,,0,2,0,0,,,,,
fergubo01,1874,1,BR2,NA,3B,55,,,79,158,75,1,,,,,
fergubo01,1874,1,BR2,NA,C,2,,,8,1,4,0,0,,,,
fergubo01,1874,1,BR2,NA,P,1,,,0,3,1,1,,,,,
fishech01,1874,1,HR1,NA,3B,7,,,12,12,16,0,,,,,
fishech01,1874,1,HR1,NA,OF,12,,,9,4,2,0,,,,,
fishech01,1874,1,HR1,NA,P,39,,,29,46,15,2,,,,,
fishech01,1874,1,HR1,NA,SS,2,,,1,1,1,0,,,,,
fislewe01,1874,1,PH1,NA,1B,28,,,271,10,14,17,,,,,
fislewe01,1874,1,PH1,NA,2B,9,,,12,29,6,2,,,,,
fislewe01,1874,1,PH1,NA,OF,1,,,0,0,0,0,,,,,
fleetfr01,1874,1,BR2,NA,2B,11,,,31,26,21,0,,,,,
fleetfr01,1874,1,BR2,NA,C,13,,,54,9,20,1,0,,,,
fleetfr01,1874,1,BR2,NA,OF,1,,,0,0,0,0,,,,,
forceda01,1874,1,CH2,NA,3B,42,,,93,113,51,6,,,,,
forceda01,1874,1,CH2,NA,P,1,,,0,2,1,0,,,,,
forceda01,1874,1,CH2,NA,SS,18,,,23,66,16,2,,,,,
fulmech01,1874,1,PH2,NA,3B,25,,,48,61,40,3,,,,,
fulmech01,1874,1,PH2,NA,SS,32,,,50,119,44,8,,,,,
gaver01,1874,1,BR2,NA,2B,1,,,1,8,3,0,,,,,
gedneco01,1874,1,PH1,NA,1B,4,,,43,1,6,1,,,,,
gedneco01,1874,1,PH1,NA,OF,51,,,126,3,28,2,,,,,
geerbi01,1874,1,NY2,NA,OF,2,,,6,2,1,1,,,,,
gerhajo01,1874,1,BL1,NA,SS,14,,,7,59,22,3,,,,,
gilro01,1874,1,CH2,NA,C,8,,,25,6,7,0,0,,,,
glennjo01,1874,1,CH2,NA,1B,37,,,328,9,30,10,,,,,
glennjo01,1874,1,CH2,NA,OF,19,,,38,2,13,1,,,,,
gouldch01,1874,1,BL1,NA,1B,32,,,344,4,18,11,,,,,
gouldch01,1874,1,BL1,NA,C,1,,,4,2,1,0,0,,,,
hallge01,1874,1,BS1,NA,OF,47,,,85,5,21,2,,,,,
hallji01,1874,1,BR2,NA,2B,2,,,4,2,1,0,,,,,
hallji01,1874,1,BR2,NA,OF,1,,,2,0,0,0,,,,,
hastisc01,1874,1,HR1,NA,2B,1,,,4,2,2,0,,,,,
hastisc01,1874,1,HR1,NA,C,39,,,117,29,48,4,0,,,,
hastisc01,1874,1,HR1,NA,OF,26,,,23,2,9,0,,,,,
hastisc01,1874,1,HR1,NA,SS,1,,,1,1,1,0,,,,,
hatfijo01,1874,1,NY2,NA,1B,1,,,3,0,2,0,,,,,
hatfijo01,1874,1,NY2,NA,3B,7,,,16,13,7,2,,,,,
hatfijo01,1874,1,NY2,NA,OF,58,,,171,3,25,0,,,,,
hatfijo01,1874,1,NY2,NA,P,3,,,2,5,0,1,,,,,
hatfijo01,1874,1,NY2,NA,SS,1,,,0,1,1,0,,,,,
hicksna01,1874,1,PH2,NA,2B,1,,,0,0,0,0,,,,,
hicksna01,1874,1,PH2,NA,C,57,,,261,59,69,4,0,,,,
hicksna01,1874,1,PH2,NA,OF,4,,,3,0,0,0,,,,,
highadi01,1874,1,NY2,NA,2B,1,,,2,0,1,0,,,,,
highadi01,1874,1,NY2,NA,C,48,,,248,45,51,4,0,,,,
highadi01,1874,1,NY2,NA,OF,33,,,13,2,18,0,,,,,
hinespa01,1874,1,CH2,NA,2B,11,,,28,24,15,2,,,,,
hinespa01,1874,1,CH2,NA,OF,50,,,137,5,20,2,,,,,
hinespa01,1874,1,CH2,NA,SS,2,,,2,4,5,0,,,,,
hodesch01,1874,1,BR2,NA,1B,1,,,0,0,1,0,,,,,
hodesch01,1874,1,BR2,NA,2B,3,,,7,5,5,0,,,,,
hodesch01,1874,1,BR2,NA,C,3,,,2,1,4,0,0,,,,
hodesch01,1874,1,BR2,NA,OF,18,,,32,1,7,0,,,,,
holdsji01,1874,1,PH2,NA,1B,1,,,10,0,5,1,,,,,
holdsji01,1874,1,PH2,NA,2B,2,,,1,2,1,0,,,,,
holdsji01,1874,1,PH2,NA,3B,31,,,58,42,44,5,,,,,
holdsji01,1874,1,PH2,NA,OF,6,,,3,0,3,0,,,,,
holdsji01,1874,1,PH2,NA,SS,21,,,26,59,45,5,,,,,
jones01,1874,1,BL1,NA,C,1,,,6,1,1,0,0,,,,
jones01,1874,1,BL1,NA,OF,1,,,0,0,0,0,,,,,
kesslhe01,1874,1,BR2,NA,2B,4,,,12,5,10,0,,,,,
kesslhe01,1874,1,BR2,NA,3B,1,,,0,2,1,2,,,,,
kesslhe01,1874,1,BR2,NA,C,9,,,36,6,15,0,0,,,,
kesslhe01,1874,1,BR2,NA,OF,4,,,4,0,3,0,,,,,
knowdja01,1874,1,BR2,NA,C,21,,,73,16,19,1,0,,,,
knowdja01,1874,1,BR2,NA,OF,4,,,4,0,2,0,,,,,
kohlehe01,1874,1,BL1,NA,1B,1,,,14,1,6,0,,,,,
ledwimi01,1874,1,BR2,NA,C,1,,,3,0,2,0,0,,,,
leonaan01,1874,1,BS1,NA,2B,11,,,24,28,9,4,,,,,
leonaan01,1874,1,BS1,NA,OF,51,,,90,6,23,1,,,,,
leonaan01,1874,1,BS1,NA,SS,11,,,15,40,12,8,,,,,
mackde01,1874,1,PH2,NA,1B,56,,,488,8,55,31,,,,,
malonfe01,1874,1,CH2,NA,C,47,,,193,58,55,2,0,,,,
mannija01,1874,1,BL1,NA,1B,1,,,7,0,0,0,,,,,
mannija01,1874,1,BL1,NA,2B,22,,,52,44,25,8,,,,,
mannija01,1874,1,BL1,NA,3B,1,,,4,2,2,0,,,,,
mannija01,1874,2,HR1,NA,3B,1,,,0,1,5,0,,,,,
mannija01,1874,1,BL1,NA,P,22,,,11,36,9,0,,,,,
mannija01,1874,1,BL1,NA,SS,4,,,4,8,6,1,,,,,
martial01,1874,1,BR2,NA,2B,6,,,15,16,17,1,,,,,
martial01,1874,1,BR2,NA,OF,1,,,1,0,2,0,,,,,
mathebo01,1874,1,NY2,NA,3B,1,,,1,1,0,1,,,,,
mathebo01,1874,1,NY2,NA,OF,1,,,0,0,0,0,,,,,
mathebo01,1874,1,NY2,NA,P,65,,,29,101,38,2,,,,,
mcbridi01,1874,1,PH1,NA,P,55,,,21,61,17,1,,,,,
mcgeami01,1874,1,PH1,NA,C,28,,,119,20,27,0,0,,,,
mcgeami01,1874,1,PH1,NA,OF,4,,,1,0,2,0,,,,,
mcgeami01,1874,1,PH1,NA,SS,26,,,37,96,27,10,,,,,
mcgeepa01,1874,1,BR2,NA,2B,1,,,1,5,2,1,,,,,
mcgeepa01,1874,1,BR2,NA,OF,15,,,30,1,8,0,,,,,
mcgeepa01,1874,1,BR2,NA,SS,2,,,2,2,3,0,,,,,
mckenfr01,1874,1,PH2,NA,1B,1,,,13,0,0,0,,,,,
mcmuljo01,1874,1,PH1,NA,OF,55,,,103,5,32,1,,,,,
mcveyca01,1874,1,BS1,NA,C,23,,,66,9,12,0,0,,,,
mcveyca01,1874,1,BS1,NA,OF,57,,,64,7,29,0,,,,,
meyerle01,1874,1,CH2,NA,2B,31,,,100,65,33,11,,,,,
meyerle01,1874,1,CH2,NA,3B,14,,,28,25,26,2,,,,,
meyerle01,1874,1,CH2,NA,OF,5,,,4,0,4,0,,,,,
meyerle01,1874,1,CH2,NA,SS,5,,,2,11,9,0,,,,,
milleto01,1874,1,PH1,NA,C,4,,,21,2,6,0,0,,,,
milleto01,1874,1,PH1,NA,OF,1,,,0,0,0,0,,,,,
millsev01,1874,1,HR1,NA,1B,53,,,522,9,46,12,,,,,
murnati01,1874,1,PH1,NA,1B,3,,,15,0,2,1,,,,,
murnati01,1874,1,PH1,NA,2B,6,,,6,9,12,2,,,,,
murnati01,1874,1,PH1,NA,OF,14,,,16,2,3,0,,,,,
nelsoca01,1874,1,NY2,NA,2B,51,,,115,105,47,8,,,,,
nelsoca01,1874,1,NY2,NA,OF,1,,,1,1,1,0,,,,,
nelsoca01,1874,1,NY2,NA,SS,14,,,17,37,16,3,,,,,
oneal01,1874,1,HR1,NA,OF,1,,,0,2,1,0,,,,,
orourji01,1874,1,BS1,NA,1B,70,,,755,12,46,40,,,,,
paborch01,1874,1,PH2,NA,OF,17,,,16,5,17,1,,,,,
patteda01,1874,1,NY2,NA,1B,1,,,4,0,0,0,,,,,
patteda01,1874,1,NY2,NA,OF,1,,,0,0,0,0,,,,,
pearcdi01,1874,1,BR2,NA,2B,1,,,0,0,0,0,,,,,
pearcdi01,1874,1,BR2,NA,3B,2,,,1,1,2,0,,,,,
pearcdi01,1874,1,BR2,NA,SS,56,,,63,204,49,7,,,,,
peterjo01,1874,1,CH2,NA,2B,19,,,61,61,24,3,,,,,
peterjo01,1874,1,CH2,NA,SS,36,,,33,122,39,5,,,,,
phelpne01,1874,1,NY2,NA,OF,6,,,7,2,2,1,,,,,
pikeli01,1874,1,HR1,NA,2B,7,,,24,23,15,1,,,,,
pikeli01,1874,1,HR1,NA,3B,1,,,1,0,0,0,,,,,
pikeli01,1874,1,HR1,NA,OF,27,,,70,7,13,1,,,,,
pikeli01,1874,1,HR1,NA,SS,20,,,38,72,31,0,,,,,
quinl01,1874,1,PH2,NA,SS,1,,,0,3,0,0,,,,,
radcljo01,1874,1,PH2,NA,1B,2,,,7,0,0,0,,,,,
radcljo01,1874,1,PH2,NA,2B,4,,,13,6,5,2,,,,,
radcljo01,1874,1,PH2,NA,3B,3,,,1,5,4,0,,,,,
radcljo01,1874,1,PH2,NA,OF,15,,,15,1,4,0,,,,,
radcljo01,1874,1,PH2,NA,SS,3,,,4,13,5,1,,,,,
reachal01,1874,1,PH1,NA,OF,14,,,24,6,11,1,,,,,
reedhu01,1874,1,BL1,NA,OF,1,,,1,0,0,0,,,,,
remseja01,1874,1,NY2,NA,1B,3,,,12,0,2,0,,,,,
remseja01,1874,1,NY2,NA,OF,63,,,128,12,22,2,,,,,
revilhe01,1874,1,BL1,NA,OF,1,,,0,1,0,0,,,,,
ryanjo01,1874,1,BL1,NA,OF,47,,,174,7,29,1,,,,,
ryanjo01,1874,1,BL1,NA,P,1,,,0,1,0,0,,,,,
saylo01,1874,1,BL1,NA,SS,18,,,16,83,27,0,,,,,
schafha01,1874,1,BS1,NA,3B,71,,,136,175,85,17,,,,,
schafha01,1874,1,BS1,NA,SS,1,,,0,0,0,0,,,,,
selmafr01,1874,1,BL1,NA,2B,2,,,2,1,2,0,,,,,
selmafr01,1874,1,BL1,NA,3B,2,,,1,0,3,0,,,,,
selmafr01,1874,1,BL1,NA,C,6,,,3,4,16,0,0,,,,
selmafr01,1874,1,BL1,NA,OF,2,,,1,0,0,0,,,,,
selmafr01,1874,1,BL1,NA,SS,6,,,5,12,19,0,,,,,